代號,名稱,股價,累月營收年增率,預估EPS,盈餘殖利率(%),配息殖利率(%),盈餘殖利率異常,配息殖利率異常,不建議使用
2528,皇普,30.15,15535.45,52036.11457,172590.76,91031.79,⚠️≧100%,⚠️≧100%,⚠️ 累月年增率≧15535倍，⚠️ 預估EPS過高：52036.1
3056,富華新,31.35,91.99,575.0667133,1834.34,1477.19,⚠️≧100%,⚠️≧100%,⚠️ 累月年增率≧91倍，⚠️ 預估EPS過高：575.1
1805,寶徠,12.45,54.66,123.8670487,994.92,0,⚠️≧100%,,⚠️ 累月年增率≧54倍，⚠️ 預估EPS過高：123.9
5206,坤悅,32.15,63.64,133.5393622,415.36,116.91,⚠️≧100%,⚠️≧100%,⚠️ 累月年增率≧63倍，⚠️ 預估EPS過高：133.5
1436,華友聯,97.2,14.49,315.7070455,324.8,260.43,⚠️≧100%,⚠️≧100%,⚠️ 累月年增率≧14倍，⚠️ 預估EPS過高：315.7
1213,大飲,12.1,0.983,17.35730141,143.45,0,⚠️≧100%,,
1463,強盛新,19.7,7.18,25.98680739,131.91,107.83,⚠️≧100%,⚠️≧100%,⚠️ 累月年增率≧7倍
2236,百達-KY,72.1,5.56,66.71218299,92.53,119.31,⚠️≧50%,⚠️≧100%,⚠️ 累月年增率≧5倍
4303,信立,56.2,3.28,44.32371574,78.87,11.8,⚠️≧50%,,⚠️ 累月年增率≧3倍
1718,中纖,5.56,0.084,4.119732313,74.1,12.69,⚠️≧50%,,
4714,永捷,12.75,1.08,8.522132884,66.84,36.83,⚠️≧50%,⚠️≧30%,
4907,富宇,40.9,3.31,25.85572041,63.22,184.89,⚠️≧50%,⚠️≧100%,⚠️ 累月年增率≧3倍
2524,京城,44.55,2.54,27.12316946,60.88,0,⚠️≧50%,,
2603,長榮,171,0.241,83.21071158,48.66,27.14,⚠️≧30%,⚠️>25%,
8097,常珵,62,76.75,29.12709531,46.98,3.18,⚠️≧30%,,⚠️ 累月年增率≧76倍
1530,亞崴,24.65,1.31,10.69812505,43.4,27.72,⚠️≧30%,⚠️>25%,
2615,萬海,61.1,0.397,23.61841048,38.66,2.39,⚠️≧30%,,
2609,陽明,56.6,0.143,21.08142446,37.25,19.85,⚠️≧30%,,
3712,永崴投控,38.5,1.26,13.01308985,33.8,42.23,⚠️≧30%,⚠️≧30%,
8114,振樺電,206,1.67,68.22325926,33.12,24.65,⚠️≧30%,,
2363,矽統,39.3,12.7,12.58687379,32.03,34.29,⚠️≧30%,⚠️≧30%,⚠️ 累月年增率≧12倍
2520,冠德,43.2,0.228,13.73404547,31.79,13.35,⚠️≧30%,,
9904,寶成,26.9,0.0709,8.512730191,31.65,9.64,⚠️≧30%,,
1583,程泰,45.35,0.0448,14.10067586,31.09,17.36,⚠️≧30%,,
2724,藝舍-KY,21.9,1.26,6.688892462,30.54,0,⚠️≧30%,,
2726,雅茗-KY,15.05,0.141,4.101011929,27.25,2.5,⚠️>25%,,
5469,瀚宇博,38.75,0.117,10.51063575,27.12,9.79,⚠️>25%,,
3147,大綜,137.5,2.12,37.25223692,27.09,17.81,⚠️>25%,,
5457,宣德,34.3,0.324,9.192665835,26.8,12.13,⚠️>25%,,
6171,大城地產,30.25,0.407,8.06797845,26.67,14.79,⚠️>25%,,
1439,雋揚,28.35,3.11,7.274228261,25.66,3.74,⚠️>25%,,⚠️ 累月年增率≧3倍
6186,新潤,51.8,1.32,13.1269709,25.34,23.07,⚠️>25%,,
4930,燦星網,22.75,0.0659,5.711455125,25.11,24.78,⚠️>25%,,
5534,長虹,78.7,1.05,19.65359111,24.97,18.63,,,
9945,潤泰新,29.25,0.0344,7.218436816,24.68,11.98,,,
8089,康全電訊,46.2,0.354,11.20644828,24.26,14.66,,,
2905,三商,10.8,-0.33,2.600216132,24.08,6.08,,,
5213,亞昕,27.1,3.35,6.206523297,22.9,33.05,,⚠️≧30%,⚠️ 累月年增率≧3倍
6103,合邦,46.45,2.09,10.49662941,22.6,0.25,,,
4420,光明,41,0.475,9.105103704,22.21,-87.8,,,
2915,潤泰全,49.35,-0.122,10.91891621,22.13,5.33,,,
6414,樺漢,216.5,0.0644,47.85191641,22.1,11.1,,,
1441,大東,11.65,0.78,2.524145272,21.67,0,,,
2472,立隆電,61.3,0.23,12.77803218,20.85,10.43,,,
1713,國化,46.3,-0.0663,9.626586523,20.79,15.63,,,
5483,中美晶,86,-0.0161,17.85927012,20.77,13.9,,,
3231,緯創,74.7,0.454,15.39547701,20.61,13.2,,,
2489,瑞軒,11.7,0.225,2.350847059,20.09,6.71,,,
3515,華擎,139.5,1.18,27.91088026,20.01,14.84,,,
4958,臻鼎-KY,85.8,0.233,17.0594231,19.88,9.51,,,
6156,松上,20.85,0.9,4.078207414,19.56,7.7,,,
2636,台驊控股,57.9,0.196,11.31321372,19.54,10.65,,,
6807,峰源-KY,54,0.172,10.413781,19.28,10.49,,,
1558,伸興,89,0.214,16.74920541,18.82,15.93,,,
3706,神達,42.95,1.45,8.079196355,18.81,8.52,,,
6669,緯穎,1605,1.45,300.4908288,18.72,11.11,,,⚠️ 預估EPS過高：300.5
2643,捷迅,65,0.976,12.09284912,18.6,10.77,,,
2816,旺旺保,26.3,-0.104,4.8917839,18.6,3.16,,,
2881,富邦金,72.1,0.215,13.40445669,18.59,9.2,,,
2612,中航,33.75,0.205,6.185846582,18.33,11.14,,,
3693,營邦,229,0.653,41.68450116,18.2,7.79,,,
2514,龍邦,15,-0.258,2.71903584,18.13,0,,,
2618,長榮航,33.5,0.0738,6.063971467,18.1,7.04,,,
2201,裕隆,31.35,-0.134,5.615464075,17.91,4.01,,,
4162,智擎,76.5,0.139,13.67272406,17.87,13.24,,,
2031,新光鋼,37.45,0.454,6.675568421,17.83,11.15,,,
4967,十銓,61.8,0.771,10.94697431,17.71,359.05,,⚠️≧100%,
3413,京鼎,211.5,0.466,37.45383564,17.71,9.44,,,
8442,威宏-KY,69.3,0.0957,12.17989467,17.58,8.32,,,
2371,大同,32.05,-0.0768,5.624305641,17.55,1.6,,,
4557,永新-KY,85.5,0.38,15.00603619,17.55,13.07,,,
6419,京晨科,65.8,0.0984,11.43566964,17.38,15.38,,,
2883,凱基金,14.1,0.201,2.423676332,17.19,6.46,,,
2354,鴻準,47.8,2.39,8.131656238,17.01,9.04,,,
4116,明基醫,36.35,0.162,6.174083408,16.99,11.85,,,
2488,漢平,39.55,0.275,6.69103875,16.92,10.92,,,
2739,寒舍,34,0.0659,5.74351495,16.89,0.63,,,
6194,育富,28.6,0.154,4.777325,16.7,17.46,,,
1475,業旺,40.1,-0.0723,6.696234286,16.7,1.23,,,
2382,廣達,178.5,0.876,29.2198786,16.37,13.29,,,
5515,建國,25.8,0.249,4.209322619,16.32,13.33,,,
5493,三聯,58.3,0.177,9.412946053,16.15,10.1,,,
6175,立敦,28.4,0.148,4.576631713,16.11,8.05,,,
3679,新至陞,113,0.319,18.18339429,16.09,14.04,,,
3356,奇偶,39.55,-0.196,6.336165207,16.02,13.03,,,
4417,金洲,39.9,0.393,6.355366095,15.93,9.94,,,
8383,千附,38.05,0.326,6.056387083,15.92,14.54,,,
2882,國泰金,49.5,0.0225,7.837830692,15.83,6.99,,,
4536,拓凱,146,0.171,23.10038346,15.82,9.16,,,
5536,聖暉*,288,0.562,45.38381918,15.76,10.98,,,
6180,橘子,65.2,-0.134,10.23845778,15.7,12.24,,,
3310,佳穎,61.6,3.32,9.64475514,15.66,22.5,,,⚠️ 累月年增率≧3倍
3047,訊舟,16.65,0.325,2.597592443,15.6,5.8,,,
8433,弘帆,71,0.143,11.07427713,15.6,9.47,,,
2745,五福,72.9,0.247,11.30309228,15.5,3.6,,,
1570,力肯,19.7,0.362,3.053167456,15.5,15.73,,,
3687,歐買尬,60.7,-0.0386,9.397745282,15.48,9.35,,,
8183,精星,26.5,0.259,4.085795268,15.42,5.86,,,
5225,東科-KY,80.2,-0.0257,12.33932119,15.39,6.9,,,
2211,長榮鋼,73.2,0.62,11.26898825,15.39,12.67,,,
2610,華航,18.3,0.0992,2.81474464,15.38,7.95,,,
6670,復盛應用,261.5,0.331,40.19882604,15.37,10.48,,,
5410,國眾,24.5,1.36,3.76031391,15.35,13.44,,,
4707,磐亞,9.05,0.468,1.387397424,15.33,12.59,,,
8938,明安,56.1,0.153,8.543730735,15.23,16.33,,,
2387,精元,46.2,-0.064,7.034890323,15.23,7.06,,,
2248,華勝-KY,41.7,0.116,6.341465546,15.21,4.36,,,
6651,全宇昕,69.5,0.286,10.56255329,15.2,10.8,,,
3430,奇鈦科,41.9,0.31,6.283643917,15,7.5,,,
8367,建新國際,41.25,0.245,6.174997149,14.97,9.98,,,
3557,嘉威,44.75,-0.0221,6.681615542,14.93,9.59,,,
2425,承啟,25.25,0.293,3.770128707,14.93,4.9,,,
6290,良維,61.3,0.421,9.120651477,14.88,9.75,,,
2641,正德,16.25,0.296,2.409324544,14.83,3.39,,,
8499,鼎炫-KY,121.5,0.251,18.02135684,14.83,6.62,,,
6470,宇智,39.35,0.613,5.814188912,14.78,10.43,,,
4961,天鈺,174.5,0.252,25.76524979,14.77,9.55,,,
6177,達麗,38.15,0.163,5.576525674,14.62,9.11,,,
5871,中租-KY,94.3,-0.0129,13.77682369,14.61,6.4,,,
2534,宏盛,21.25,3.97,3.087650232,14.53,13.03,,,⚠️ 累月年增率≧3倍
4763,材料-KY,669,0.15,97.18315524,14.53,9.68,,,
6788,華景電,140.5,0.563,20.31788744,14.46,10.8,,,
1720,生達,51.5,0.0164,7.380222899,14.33,8.43,,,
4432,銘旺實,19.45,0.0585,2.78812414,14.33,2.37,,,
1580,新麥,117,0.155,16.75416972,14.32,11.44,,,
2316,楠梓電,30.3,0.0164,4.315813981,14.24,4.11,,,
2906,高林,13,0.12,1.851006026,14.24,17.38,,,
1708,東鹼,29.1,0.0551,4.130166181,14.19,-26.66,,,
3008,大立光,1800,0.289,253.4669798,14.08,7.37,,,⚠️ 預估EPS過高：253.5
1409,新纖,11,-0.0068,1.536140691,13.96,9.78,,,
2392,正崴,41.9,0.184,5.838570962,13.93,9.58,,,
5288,豐祥-KY,127.5,0.0659,17.74903965,13.92,6.82,,,
3622,洋華,40.7,0.11,5.656445737,13.9,8.79,,,
6667,信紘科,150.5,1.21,20.83877922,13.85,11.98,,,
6278,台表科,81.9,0.136,11.32031847,13.82,7.07,,,
2535,達欣工,48.45,0.371,6.666114269,13.76,9.72,,,
5533,皇鼎,15.25,0.409,2.091157763,13.71,6.51,,,
3022,威強電,67.3,0.0425,9.216118913,13.69,6.26,,,
3010,華立,79.6,0.0781,10.89489944,13.69,7.75,,,
7584,樂意,58.6,1.16,8.012971636,13.67,8.56,,,
6005,群益證,20.5,0.123,2.802390028,13.67,10.17,,,
2317,鴻海,112.5,0.242,15.36800758,13.66,7.2,,,
2109,華豐,17.75,0.102,2.421338167,13.64,9.27,,,
6024,群益期,43.65,0.245,5.94370052,13.62,9.94,,,
1472,三洋實業,87.8,0.589,11.95058789,13.61,3.74,,,
2506,太設,9.87,-0.399,1.335425752,13.53,0.42,,,
8426,紅木-KY,31.85,-0.146,4.301231538,13.5,2.37,,,
3217,優群,113,0.354,15.22856808,13.48,10.58,,,
6257,矽格,57,0.126,7.673467413,13.46,8.97,,,
2228,劍麟,69.1,0.0061,9.290695346,13.45,9.08,,,
8103,瀚荃,34.4,0.121,4.623833756,13.44,7.03,,,
2891,中信金,34,0.224,4.566702412,13.43,7.49,,,
2428,興勤,109,0.214,14.54824169,13.35,6.77,,,
2546,根基,70.1,0.32,9.353349797,13.34,7.13,,,
6605,帝寶,144.5,0.0075,19.27778664,13.34,5.93,,,
3617,碩天,213.5,0.119,28.44702308,13.32,3.45,,,
6768,志強-KY,91.4,0.497,12.15935355,13.3,13.22,,,
8942,森鉅,45.25,0.192,6.012042254,13.29,7.37,,,
9938,百和,48.35,0.196,6.404747383,13.25,7.2,,,
6835,圓裕,33.3,0.087,4.407881118,13.24,7.82,,,
2617,台航,23.15,-0.0024,3.066183331,13.24,7.34,,,
3033,威健,28.15,0.399,3.721915243,13.22,10.5,,,
3501,維熹,49,0.0604,6.470450989,13.21,8.87,,,
5425,台半,35.45,0.379,4.672851814,13.18,9.91,,,
8070,長華*,31.05,0.121,4.081981259,13.15,12.19,,,
8016,矽創,162.5,0.0441,21.35146686,13.14,9.39,,,
1307,三芳,32.4,0.143,4.253717408,13.13,12.66,,,
3226,龍鋒,39.45,-0.0713,5.161455913,13.08,5.53,,,
8210,勤誠,187,0.498,24.41429289,13.06,6.6,,,
2474,可成,177,0.189,23.08787008,13.04,10.65,,,
3484,崧騰,40.5,0.283,5.276759301,13.03,7.78,,,
1464,得力,13.15,0.364,1.71188106,13.02,10.01,,,
4933,友輝,66.1,0.219,8.606388718,13.02,10.77,,,
6613,朋億*,142.5,-0.0433,18.53894891,13.01,9.1,,,
1336,台翰,18,0.125,2.340021073,13,5.07,,,
3406,玉晶光,301.5,0.016,39.1046701,12.97,5.39,,,
1618,合機,31.4,0.0959,4.065750859,12.95,5.56,,,
3689,湧德,64.1,0.369,8.293394417,12.94,8.14,,,
3036,文曄,80.7,0.264,10.42182876,12.91,6.59,,,
1101,台泥,28.5,0.773,3.671424235,12.88,9.52,,,
3611,鼎翰,160.5,0.46,20.62216523,12.85,8.14,,,
8096,擎亞,50.3,0.979,6.463680924,12.85,18.4,,,
8107,大億金茂,15.4,0.0817,1.978102168,12.84,7.29,,,
4551,智伸科,79.6,0.233,10.20341858,12.82,6.64,,,
6629,泰金-KY,80.6,-0.054,10.3228023,12.81,9.88,,,
3570,大塚,151,0.484,19.32418433,12.8,8.81,,,
4942,嘉彰,35.1,0.0738,4.491279143,12.8,6.55,,,
8928,鉅明,25.2,0.165,3.208655147,12.73,3.22,,,
1603,華電,25.75,0.385,3.275308972,12.72,4.39,,,
2887,台新金,14.2,0.161,1.802189584,12.69,10.22,,,
3078,僑威,62.7,0.417,7.953561653,12.69,9.18,,,
8240,華宏,27.95,0.14,3.5440056,12.68,7.9,,,
2357,華碩,441,0.214,55.8323905,12.66,9.58,,,
4760,勤凱,77.2,0.551,9.748300598,12.63,8.65,,,
1777,生泰,82,0.17,10.34654484,12.62,6.7,,,
6176,瑞儀,138,0.111,17.38357161,12.6,9.45,,,
2492,華新科,66.5,0.0652,8.370138658,12.59,5.89,,,
2312,金寶,16.3,0.275,2.041715712,12.53,60.15,,⚠️≧50%,
5609,中菲行,67.6,0.283,8.471375822,12.53,8.75,,,
1524,耿鼎,30.25,0.0427,3.77089335,12.47,8.79,,,
2376,技嘉,181,0.405,22.57278788,12.47,8.58,,,
3303,岱稜,36.9,0.157,4.595913921,12.46,9.95,,,
2101,南港,29.8,0.0482,3.707772016,12.44,1.77,,,
5520,力泰,77.7,0.0348,9.640332887,12.41,8.25,,,
8463,潤泰材,20.4,0.121,2.5309068,12.41,8.76,,,
6191,精成科,48.7,0.0075,6.038856947,12.4,5.03,,,
6279,胡連,124.5,0.232,15.4313852,12.39,7.67,,,
6147,頎邦,53.8,0.203,6.660169129,12.38,8.32,,,
1446,宏和,23.75,-0.701,2.939820247,12.38,-20.21,,,
6192,巨路,88,0.0374,10.89246579,12.38,6.41,,,
2897,王道銀行,8.72,-0.242,1.077962439,12.36,5.2,,,
6121,新普,291,0.0451,35.70554032,12.27,8.67,,,
6284,佳邦,57.5,0.0717,7.046028477,12.25,4.64,,,
6227,茂綸,75.2,0.373,9.209474954,12.25,7.16,,,
5434,崇越,210,0.321,25.68493657,12.23,8.01,,,
1795,美時,176,0.127,21.52653273,12.23,3.24,,,
2851,中再保,24.2,-0.0622,2.951158446,12.19,5.27,,,
3032,偉訓,53.5,0.153,6.514804025,12.18,8.17,,,
1616,億泰,19.5,0.186,2.375514065,12.18,2.91,,,
1437,勤益控,28.8,0.0772,3.50081331,12.16,4.9,,,
6201,亞弘電,51,0.321,6.195744888,12.15,10.42,,,
9935,慶豐富,21.8,0.132,2.645860315,12.14,9.2,,,
3206,志豐,31.6,0.0364,3.82674567,12.11,7.71,,,
1473,台南,26.55,0.0623,3.21314304,12.1,3.68,,,
3357,臺慶科,81,0.331,9.782053333,12.08,7.58,,,
1532,勤美,23.3,-0.296,2.808546555,12.05,7.35,,,
3715,定穎投控,35,0.089,4.201268581,12,4.88,,,
6442,光聖,296,1.55,35.47326316,11.98,2.11,,,
4535,至興,29.55,-0.0717,3.536906884,11.97,7.69,,,
7718,友鋮,47.2,0.0537,5.636192853,11.94,6.57,,,
3346,麗清,22.05,0.173,2.629821262,11.93,8.43,,,
3030,德律,83.9,0.284,9.993135478,11.91,7.97,,,
6856,鑫傳,55,0.62,6.545224113,11.9,10.16,,,
4581,光隆精密-KY,42.15,0.0022,5.01087869,11.89,8.53,,,
3044,健鼎,148,0.104,17.53798478,11.85,7.55,,,
2637,慧洋-KY,51.1,-0.252,6.052089603,11.84,28.76,,⚠️>25%,
3260,威剛,66.8,-0.0901,7.905367624,11.83,6.86,,,
2885,元大金,27.3,0.0914,3.22800953,11.82,7.27,,,
3046,建碁,36.2,0.138,4.26833977,11.79,4.43,,,
8081,致新,180,0.16,21.21464919,11.79,8.79,,,
2367,燿華,19.8,0.0418,2.329074723,11.76,1.36,,,
4720,德淵,14.5,0.0656,1.696987385,11.7,8.61,,,
8390,金益鼎,49.7,0.198,5.806864472,11.68,6.41,,,
9951,皇田,42.6,0.185,4.975019359,11.68,7.14,,,
1522,堤維西,40.05,-0.0812,4.673048054,11.67,7.87,,,
3479,安勤,84.7,0.238,9.848092562,11.63,8.78,,,
6274,台燿,117,0.436,13.57477755,11.6,9.93,,,
6776,展碁國際,43.55,0.178,5.043181544,11.58,8.38,,,
2852,第一保,25.3,-0.026,2.925749535,11.56,6.86,,,
8432,東生華,43.45,0.432,5.013875,11.54,11.2,,,
5538,東明-KY,30,0.192,3.449808191,11.5,7.96,,,
4987,科誠,62.5,0.11,7.182244514,11.49,9.49,,,
2383,台光電,407,0.681,46.73364282,11.48,6.88,,,
2731,雄獅,103,0.201,11.82953167,11.48,2.96,,,
1402,遠東新,30.35,-0.0201,3.477130282,11.46,9.3,,,
8068,全達,18.4,-0.051,2.10625849,11.45,0,,,
5215,科嘉-KY,32.5,-0.0487,3.720827835,11.45,6.47,,,
2313,華通,44.15,0.0754,5.051104948,11.44,4.9,,,
6591,動力-KY,38.9,0.416,4.445845702,11.43,7.28,,,
2607,榮運,26.3,0.103,3.002201565,11.42,4.97,,,
4912,聯德控股-KY,78.1,0.292,8.92168746,11.42,4.71,,,
6187,萬潤,201,0.708,22.92460974,11.41,8.53,,,
5315,光聯,17.8,0.679,2.031156978,11.41,10.49,,,
4974,亞泰,82,0.288,9.356822069,11.41,8.28,,,
2476,鉅祥,60,0.172,6.832593611,11.39,7.4,,,
2107,厚生,24,0.447,2.730954219,11.38,7.34,,,
3526,凡甲,217.5,0.569,24.75421267,11.38,11.85,,,
4532,瑞智,25.15,0.343,2.854599226,11.35,7.28,,,
6728,上洋,137,0.54,15.55180638,11.35,7.89,,,
8410,森田,69,0.0374,7.829225202,11.35,7.22,,,
8249,菱光,37.7,0.585,4.27266085,11.33,7.83,,,
7736,虎山,84.3,0.47,9.547091053,11.33,5.5,,,
5009,榮剛,35,-0.0894,3.958266171,11.31,7.41,,,
2449,京元電子,71.8,0.224,8.103638659,11.29,7.47,,,
3209,全科,29.55,0.0104,3.312291429,11.21,8.82,,,
2385,群光,127.5,0.019,14.2968116,11.21,8.29,,,
2345,智邦,435,1.27,48.75095969,11.21,6.9,,,
4938,和碩,68.7,0.0691,7.680477878,11.18,7.43,,,
2545,皇翔,48.35,-0.403,5.39853375,11.17,9.7,,,
3128,昇銳,17.85,0.19,1.991747786,11.16,9.25,,,
1817,凱撒衛,42.45,0.0715,4.735118664,11.15,6.64,,,
2421,建準,66.5,0.36,7.407274323,11.14,7.5,,,
2324,仁寶,23.7,-0.0023,2.637739277,11.13,7.66,,,
8077,洛碁,37.95,-0.0449,4.221824587,11.12,1.01,,,
6190,萬泰科,28.1,0.327,3.118451148,11.1,9.19,,,
2414,精技,34.8,0.28,3.85587013,11.08,9.5,,,
8354,冠好,14.2,0.0002,1.573738227,11.08,4.3,,,
5324,士開,9.49,0.424,1.050668534,11.07,0,,,
3052,夆典,10,0.283,1.107222649,11.07,5.86,,,
7715,裕山,39.4,-0.0252,4.3601896,11.07,6.44,,,
2439,美律,92.3,0.0609,10.21526518,11.07,8.07,,,
2504,國產,35.25,-0.0008,3.894207159,11.05,7.78,,,
1323,永裕,18.15,-0.336,2.004363636,11.04,6.62,,,
2397,友通,53.3,0.363,5.866261799,11.01,9.5,,,
2375,凱美,45.3,0.0964,4.982907658,11,3.91,,,
3051,力特,21.95,0.206,2.414133811,11,4.78,,,
3284,太普高,22.9,0.0017,2.518422734,11,4.42,,,
8213,志超,26.25,0.0838,2.887422319,11,4.87,,,
8941,關中,48,0.0926,5.270836859,10.98,9.2,,,
5511,德昌,50.5,-0.234,5.54151146,10.97,5.4,,,
1707,葡萄王,129,-0.0414,14.13304436,10.96,7.64,,,
8438,昶昕,25.15,0.243,2.752746189,10.95,7.32,,,
5386,青雲,50.8,0.702,5.557466019,10.94,6.55,,,
6556,勝品,62,-0.255,6.776917535,10.93,6.73,,,
6664,群翊,146,-0.0359,15.95720993,10.93,7.36,,,
2832,台產,29.8,0.0137,3.247176565,10.9,6.34,,,
2059,川湖,1205,1.04,131.4020063,10.9,5.39,,,⚠️ 預估EPS過高：131.4
3090,日電貿,55.3,0.33,6.021395814,10.89,9.61,,,
1612,宏泰,26.8,0.227,2.911215944,10.86,9.31,,,
1582,信錦,70.8,0.0449,7.68231167,10.85,12.61,,,
1339,昭輝,41,-0.0723,4.446676103,10.85,8.69,,,
9924,福興,41.4,-0.077,4.487297634,10.84,6.75,,,
3492,長盛,18.55,0.237,2.010154803,10.84,6.72,,,
8358,金居,38.55,0.147,4.179639549,10.84,8.12,,,
2611,志信,16.25,0.0166,1.760428819,10.83,6.74,,,
6806,森崴能源,64,1.89,6.931363088,10.83,4.82,,,
9934,成霖,10.2,-0.0415,1.103388385,10.82,3.8,,,
6143,振曜,99,0.192,10.70350446,10.81,8.7,,,
2441,超豐,45.45,0.12,4.909158931,10.8,7.22,,,
5236,凌陽創新,106.5,0.388,11.46636849,10.77,10.16,,,
6861,睿生光電,41.35,0.171,4.447934164,10.76,3.39,,,
1714,和桐,7.38,0.136,0.792750159,10.74,4.85,,,
4580,捷流閥業,79.2,-0.0071,8.509087143,10.74,6.9,,,
2010,春源,17.4,0.115,1.867059379,10.73,7.75,,,
3017,奇鋐,340.5,0.524,36.53526741,10.73,5.21,,,
2478,大毅,35.1,0.196,3.755557109,10.7,6.14,,,
3705,永信,54.2,0.213,5.782135736,10.67,7.34,,,
2069,運錩,13.7,0.0814,1.460146406,10.66,7.58,,,
6122,擎邦,38.25,-0.074,4.079289526,10.66,8.88,,,
6126,信音,18.65,0.0684,1.984782535,10.64,7.26,,,
2393,億光,67.4,0.0164,7.172279323,10.64,9.09,,,
4305,世坤,41.8,0.126,4.4467372,10.64,8.86,,,
4113,聯上,18.6,-0.41,1.972699913,10.61,0.09,,,
8011,台通,17,-0.324,1.802903436,10.61,1.22,,,
9960,邁達康,22.1,0.155,2.342459167,10.6,7.42,,,
2327,國巨,386.5,0.0911,40.95312876,10.6,4,,,
4935,茂林-KY,38.35,-0.0107,4.056337814,10.58,5.63,,,
5258,虹堡,59.1,-0.0384,6.255363343,10.58,2.61,,,
8916,光隆,48.8,0.287,5.164745615,10.58,9.6,,,
2368,金像電,142.5,0.325,15.06714925,10.57,4.65,,,
6173,信昌電,29.65,0.0812,3.132903484,10.57,4.4,,,
6114,久威,27.15,0.0863,2.864846991,10.55,6.8,,,
3290,東浦,24,0.294,2.530666253,10.54,4.93,,,
6525,捷敏-KY,55.8,0.144,5.877963411,10.53,8.53,,,
6138,茂達,126,0.173,13.23801944,10.51,8.21,,,
5243,乙盛-KY,37.7,0.175,3.954433531,10.49,4.96,,,
3004,豐達科,73.6,0.121,7.717109467,10.49,3.49,,,
4105,東洋,67,0.146,7.009920193,10.46,8.86,,,
5292,華懋,123.5,0.305,12.88073107,10.43,5.06,,,
5014,建錩,10.9,-0.0224,1.134765176,10.41,20.61,,,
5465,富驊,26.15,0.208,2.720939959,10.41,9.16,,,
3702,大聯大,52.5,0.241,5.46777913,10.41,6.72,,,
6197,佳必琪,102.5,0.139,10.6669312,10.41,10.08,,,
3230,錦明,37.2,0.129,3.86014814,10.38,0,,,
4915,致伸,60.8,0.082,6.313814634,10.38,7.1,,,
6509,聚和,25.75,0.0884,2.671047423,10.37,5.19,,,
3014,聯陽,107.5,0.139,11.14555181,10.37,8.97,,,
9802,鈺齊-KY,90.9,0.379,9.416489751,10.36,6.48,,,
6585,鼎基,109.5,0.0778,11.31237461,10.33,8.88,,,
5013,強新,27.15,-0.0035,2.803322789,10.33,4.36,,,
1108,幸福,12.75,0.0819,1.315511923,10.32,7.31,,,
6951,青新-創,58.5,0.32,6.03806,10.32,7.74,,,
1527,鑽全,31.45,0.0118,3.245096289,10.32,7,,,
8487,愛爾達-創,75.7,0.148,7.812581887,10.32,4.02,,,
3305,昇貿,45.3,0.553,4.668211923,10.31,7.76,,,
4442,竣邦-KY,40,0.3,4.124106498,10.31,7.17,,,
6412,群電,85,0.0492,8.753178099,10.3,7.43,,,
2605,新興,18.35,-0.283,1.88888876,10.29,12.11,,,
2496,卓越,70.1,0.0395,7.184264136,10.25,9.88,,,
2890,永豐金,19.1,0.118,1.956682441,10.24,6.5,,,
6189,豐藝,54.6,-0.214,5.591926162,10.24,8.84,,,
2850,新產,100.5,-0.0219,10.28470116,10.23,5.02,,,
2743,山富,67.3,-0.0491,6.885862107,10.23,2.05,,,
3005,神基,82.7,0.0972,8.449775247,10.22,7.84,,,
2364,倫飛,59.1,0.497,6.036158065,10.21,6.63,,,
1220,台榮,12.95,-0.0093,1.321758401,10.21,7.9,,,
1593,祺驊,26.85,0.138,2.736915151,10.19,8.83,,,
8255,朋程,104,0.202,10.56626248,10.16,6.74,,,
2937,集雅社,41.75,0.0936,4.229175333,10.13,6.63,,,
2006,東和鋼鐵,59.8,-0.0226,6.053097431,10.12,6.97,,,
2497,怡利電,39.05,0.279,3.953463323,10.12,2.87,,,
1342,八貫,77.5,0.256,7.831895541,10.11,7.79,,,
3528,安馳,56.9,0.382,5.74755773,10.1,8.23,,,
1709,和益,16.05,0.0563,1.62168675,10.1,7.85,,,
6515,穎崴,704,1.14,70.93456825,10.08,7.52,,,
1702,南僑,42.55,0.0484,4.282415408,10.06,6.29,,,
2355,敬鵬,25.3,-0.109,2.54493924,10.06,13.55,,,
6435,大中,78.8,0.312,7.9179776,10.05,5.94,,,
8182,加高,24.55,0.0082,2.464847584,10.04,7.24,,,
4207,環泰,14.15,-0.0511,1.416632019,10.01,8.5,,,
4440,宜新實業,16.95,-0.0337,1.696902411,10.01,11.55,,,
5306,桂盟,82.7,0.129,8.261804881,9.99,5.73,,,
1615,大山,46.05,0.163,4.591236839,9.97,8.76,,,
8930,青鋼,27.85,-0.079,2.775790709,9.97,9.1,,,
2303,聯電,39.9,0.059,3.977317906,9.97,6.35,,,
3426,台興,39.65,0.152,3.955037576,9.97,8.22,,,
2348,海悅,112.5,-0.276,11.1996761,9.96,6.01,,,
8467,波力-KY,134,0.163,13.35037293,9.96,7.11,,,
8446,華研,101.5,-0.12,10.09953875,9.95,6.61,,,
6206,飛捷,90.5,0.343,9.004321454,9.95,9.09,,,
6894,衛司特,138,0.573,13.7323,9.95,7.75,,,
2230,泰茂,91.4,0.604,9.086488183,9.94,1.74,,,
5212,凌網,50.5,0.289,5.008070058,9.92,9.04,,,
6743,安普新,27.95,0.345,2.77152434,9.92,-23.85,,,
2606,裕民,47.35,-0.15,4.690691042,9.91,7.07,,,
6761,穩得,74.2,0.0825,7.335787025,9.89,7.85,,,
3537,堡達,35.55,-0.045,3.508201174,9.87,7.62,,,
6248,沛波,23,-0.0176,2.26927063,9.87,6.04,,,
8401,白紗科,25.25,-0.041,2.493341667,9.87,8.92,,,
2402,毅嘉,28.65,0.22,2.820632065,9.85,8.57,,,
2537,聯上發,9.72,-0.0833,0.957324981,9.85,3.28,,,
2420,新巨,45.15,0.0141,4.436336936,9.83,8.06,,,
3213,茂訊,87.5,0.0062,8.59902539,9.83,6.84,,,
6881,潤德,210,0.376,20.64694613,9.83,9.17,,,
2477,美隆電,18.2,0.219,1.787668429,9.82,12.39,,,
2020,美亞,21.9,-0.307,2.149068659,9.81,8.55,,,
3533,嘉澤,1050,0.225,102.8240751,9.79,4.74,,,⚠️ 預估EPS過高：102.8
6472,保瑞,638,0.598,62.44191842,9.79,4.36,,,
1341,富林-KY,62,0.138,6.060748431,9.78,9.64,,,
6863,永道-KY,148.5,0.271,14.52222848,9.78,4.41,,,
3042,晶技,75.4,0.15,7.376082736,9.78,7.73,,,
3029,零壹,102,0.688,9.963946683,9.77,8.66,,,
2493,揚博,69.9,0.127,6.815326783,9.75,8.35,,,
2432,倚天酷碁-創,25.4,0.319,2.475036082,9.74,7.41,,,
6904,伯鑫,118.5,0.1,11.54221622,9.74,5.19,,,
2029,盛餘,21.65,0.14,2.095556351,9.68,6.36,,,
2462,良得電,18.25,0.19,1.764772871,9.67,6.21,,,
3024,憶聲,12.45,0.814,1.204298851,9.67,4.87,,,
3093,港建*,18.25,0.66,1.76168595,9.65,8.75,,,
3592,瑞鼎,277,-0.0348,26.7160382,9.64,7.51,,,
8261,富鼎,60.3,0.214,5.80790777,9.63,6.29,,,
6123,上奇,49,-0.0442,4.710256889,9.61,8.89,,,
3265,台星科,70.3,0.0831,6.755239237,9.61,7.41,,,
8342,益張,77,-0.0316,7.390013839,9.6,7.24,,,
1609,大亞,29.1,0.0642,2.794135498,9.6,4.31,,,
6271,同欣電,83.9,-0.0209,8.046790942,9.59,5.14,,,
1203,味王,36.25,-0.0221,3.476483744,9.59,5.24,,,
9927,泰銘,64.8,-0.0115,6.208591892,9.58,8.67,,,
6239,力成,99,-0.155,9.470557239,9.57,6.12,,,
3088,艾訊,88,0.161,8.399769072,9.55,5.86,,,
4545,銘鈺,27.55,0.107,2.632095336,9.55,8.31,,,
8464,億豐,294.5,0.157,28.07567747,9.53,5.71,,,
2062,橋椿,21.85,-0.234,2.08304366,9.53,2.81,,,
6208,日揚,37.15,-0.132,3.537627032,9.52,5.11,,,
6275,元山,32,0.0876,3.046312425,9.52,7.23,,,
3038,全台,18.45,-0.159,1.755141398,9.51,6.33,,,
4995,晶達,49.9,0.0542,4.745929385,9.51,8.79,,,
6577,勁豐,73,0.0473,6.93894926,9.51,8.69,,,
9941,裕融,92.2,-0.0595,8.757086191,9.5,5.52,,,
2221,大甲,23.15,0.0021,2.196568115,9.49,6.22,,,
6782,視陽,124.5,0.164,11.79670286,9.48,4.67,,,
2834,臺企銀,12.95,-0.0023,1.224461563,9.46,6.45,,,
3287,廣寰科,28.45,-0.0278,2.692277818,9.46,2.94,,,
3684,榮昌,40,0.35,3.780672,9.45,7.56,,,
3490,單井,18.95,0.0752,1.788537949,9.44,7.07,,,
4736,泰博,121,-0.0941,11.40795635,9.43,6.95,,,
1210,大成,53,0.0033,4.99664695,9.43,6.26,,,
3665,貿聯-KY,375.5,0.318,35.41224431,9.43,5.05,,,
3211,順達,128,-0.31,12.05888336,9.42,8.47,,,
7732,金興精密,33.2,0.238,3.126689455,9.42,6.7,,,
1419,新紡,38.2,0.243,3.592843253,9.41,5.21,,,
1565,精華,159,0.0102,14.95260238,9.4,6.71,,,
5903,全家,191,0.0163,17.94476815,9.4,7.2,,,
6464,台數科,78.7,0.0128,7.399541274,9.4,5.7,,,
2903,遠百,20.75,-0.0421,1.942573662,9.36,8.02,,,
3114,好德,19.3,0.0069,1.805499347,9.35,6.09,,,
3379,彬台,40.9,2.49,3.825910947,9.35,1.18,,,
3168,眾福科,35.3,-0.0522,3.295374698,9.34,7.41,,,
8481,政伸,40.55,0.254,3.774868108,9.31,8.18,,,
2812,台中銀,17.75,0.104,1.650776155,9.3,6.46,,,
6625,必應,54.6,0.0336,5.070288414,9.29,1.56,,,
3227,原相,173.5,0.342,16.09391877,9.28,7.45,,,
3450,聯鈞,171,1.15,15.84903226,9.27,3.83,,,
2379,瑞昱,440,0.367,40.80337493,9.27,7.8,,,
1540,喬福,23.85,0.024,2.208330667,9.26,-13.91,,,
6221,晉泰,55.2,0.456,5.111499936,9.26,8.12,,,
1476,儒鴻,320.5,0.228,29.64408455,9.25,6.39,,,
7714,創泓科技,75.1,0.548,6.944025905,9.25,5.22,,,
2247,汎德永業,270,0.0437,24.94496344,9.24,7.29,,,
5015,華祺,32.4,0.189,2.987002904,9.22,10.29,,,
6266,泰詠,29,0.0219,2.67274016,9.22,8.15,,,
8150,南茂,21.3,0.0043,1.96206951,9.21,5.7,,,
3580,友威科,50.5,-0.0723,4.647960759,9.2,6.38,,,
3317,尼克森,32.85,0.202,3.02040964,9.19,3.74,,,
1537,廣隆,128,0.0044,11.75423727,9.18,8.48,,,
1416,廣豐,10.6,0.0638,0.97210874,9.17,6.49,,,
2495,普安,20.2,-0.165,1.849312007,9.16,3.03,,,
7709,榮田,38.3,-0.236,3.509243478,9.16,4.4,,,
8924,大田,54,-0.127,4.934122196,9.14,6.75,,,
6128,上福,31.05,-0.0146,2.833921862,9.13,6.64,,,
4569,六方科-KY,116,0.338,10.58049032,9.12,7.92,,,
4766,南寶,282,0.113,25.68002264,9.11,6.94,,,
8284,三竹,60,-0.0178,5.464614124,9.11,6.91,,,
5706,鳳凰,45.8,0.0988,4.173100939,9.11,9.31,,,
5356,協益,23.8,0.0046,2.164639259,9.1,-13.2,,,
6170,統振,43.4,0.168,3.947776362,9.1,8.01,,,
1104,環泥,25.9,0.0589,2.354196522,9.09,5.78,,,
4951,精拓科,49.15,0.0649,4.466889815,9.09,7.12,,,
6721,信實,53.1,0.0969,4.823280457,9.08,6.59,,,
6996,力領科技,141.5,-0.0852,12.83957888,9.07,7.72,,,
3709,鑫聯大投控,27.55,0.344,2.492476178,9.05,4.39,,,
6869,雲豹能源,113.5,0.236,10.26969164,9.05,3.96,,,
2548,華固,95,0.88,8.591130378,9.04,7.37,,,
3026,禾伸堂,71.7,0.157,6.47125648,9.03,7.78,,,
8936,國統,46.9,0.158,4.236463886,9.03,4.13,,,
6609,瀧澤科,46.1,0.61,4.157328,9.02,10.48,,,
2301,光寶科,71.6,0.266,6.446476421,9,7.05,,,
5283,禾聯碩,82.7,0.158,7.430367452,8.98,6.24,,,
3548,兆利,107.5,0.105,9.641107413,8.97,4.22,,,
6846,綠茵,63.3,0.0504,5.670528296,8.96,7.85,,,
6532,瑞耘,52.1,0.153,4.663847326,8.95,5.71,,,
5450,南良,12.55,-0.0038,1.121063792,8.93,6.93,,,
2347,聯強,58.7,-0.12,5.234789209,8.92,5.24,,,
3402,漢科,70.8,-0.0696,6.317314418,8.92,7.21,,,
5299,杰力,66,-0.0032,5.88867923,8.92,6.04,,,
2597,潤弘,147,0.14,13.10070915,8.91,8.89,,,
1725,元禎,23.85,0.111,2.121959505,8.9,6.3,,,
1264,德麥,287,0.0675,25.50209838,8.89,6.63,,,
1785,光洋科,46.75,0.306,4.15067476,8.88,5.99,,,
6245,立端,70.8,0.0271,6.281448427,8.87,5.34,,,
5353,台林,22.2,-0.0813,1.968228217,8.87,6.72,,,
4527,方土霖,39.2,-0.168,3.475531087,8.87,6.85,,,
3171,炎洲流通,35.95,0.0195,3.187808038,8.87,8.43,,,
6538,倉和,81.3,-0.205,7.193319685,8.85,6.13,,,
2103,台橡,17.05,0.186,1.507564418,8.84,-17.17,,,
5403,中菲,110.5,0.202,9.756099083,8.83,6.62,,,
4306,炎洲,14.35,-0.0349,1.265081307,8.82,6.59,,,
6873,泓德能源,180.5,0.66,15.87879967,8.8,5,,,
2360,致茂,224.5,0.554,19.73178933,8.79,6.31,,,
2916,滿心,46.1,0.056,4.050088793,8.79,7.81,,,
9930,中聯資源,63.8,0.178,5.610072918,8.79,7.2,,,
6163,華電網,16.1,0.531,1.414463702,8.79,2.67,,,
2904,匯僑,16.75,0.062,1.463895219,8.74,6.14,,,
5464,霖宏,20.4,0.0292,1.778480304,8.72,4.33,,,
6292,迅德,47.15,0.0632,4.101197066,8.7,7.21,,,
6757,台灣虎航,78.1,0.126,6.791644744,8.7,1.71,,,
2115,六暉-KY,26.1,0.109,2.270802287,8.7,5.28,,,
9958,世紀鋼,131.5,0.244,11.44108447,8.7,5.08,,,
4953,緯軟,78.5,0.0921,6.824474471,8.69,5.55,,,
6574,霈方,47.25,-0.003,4.103871591,8.69,10.17,,,
1730,花仙子,50.3,-0.0176,4.364646456,8.68,6.42,,,
6432,今展科,23.55,0.248,2.043787702,8.68,6.89,,,
6161,捷波,37.3,-0.0492,3.234363374,8.67,7.93,,,
6023,元大期,78.4,0.0013,6.79229955,8.66,6.05,,,
6771,平和環保-創,48.5,0.121,4.201693077,8.66,6.85,,,
9942,茂順,99.3,-0.0035,8.595562212,8.66,6.57,,,
1752,南光,30.6,0.0965,2.651194337,8.66,7.19,,,
3551,世禾,83,0.0918,7.188814595,8.66,4.33,,,
3624,光頡,25.2,0.0454,2.179878883,8.65,4.77,,,
2065,世豐,36.8,-0.0154,3.183518376,8.65,6.93,,,
4945,陞達科技,55.1,0.476,4.768663467,8.65,7.64,,,
4568,科際精密,41.05,0.256,3.551641078,8.65,9.65,,,
1268,漢來美食,122,0.047,10.5357856,8.64,9.32,,,
4148,全宇生技-KY,33.45,0.0508,2.891548662,8.64,4.59,,,
6855,數泓科,118,0.106,10.19713862,8.64,6.62,,,
2459,敦吉,55,-0.126,4.748424432,8.63,6.32,,,
2204,中華,54.8,-0.383,4.725119003,8.62,4.75,,,
6671,三能-KY,38.15,0.0087,3.282391314,8.6,7.2,,,
4111,濟生,27.15,0.196,2.330857214,8.59,6.37,,,
2752,豆府,215,0.185,18.4629191,8.59,7.71,,,
2471,資通,46.4,0.196,3.977054545,8.57,7.54,,,
9950,萬國通,9.96,-0.152,0.853722657,8.57,0,,,
6672,騰輝電子-KY,55.4,-0.0518,4.747573289,8.57,5.03,,,
6811,宏碁資訊,178.5,0.172,15.26511884,8.55,5.73,,,
4584,君帆,51.6,0.224,4.405738773,8.54,4.84,,,
4560,強信-KY,29,0.207,2.463724335,8.5,6.17,,,
4973,廣穎,20.8,0.005,1.766316304,8.49,9.54,,,
6590,普鴻,66.5,0.0818,5.639763321,8.48,7.04,,,
6581,鋼聯,93,0.0542,7.869541109,8.46,6.93,,,
8279,生展,108.5,0.0392,9.170668694,8.45,4.02,,,
2751,王座,52.3,0.0683,4.41606646,8.44,2.91,,,
8473,山林水,24.8,0.217,2.092264326,8.44,6.81,,,
2888,新光金,9.98,-0.302,0.84149579,8.43,1.01,,,
2458,義隆,101.5,0.0041,8.558279289,8.43,6.08,,,
6642,富致,49.8,0.171,4.192006845,8.42,6.48,,,
3003,健和興,46,-0.0147,3.875487399,8.42,3.73,,,
7703,銳澤,106,0.3,8.915492795,8.41,6.36,,,
4554,橙的,25.25,0.135,2.123031545,8.41,7.04,,,
2801,彰銀,16.5,0.0441,1.388164723,8.41,6.07,,,
4754,國碳科,36.05,0.151,3.02696495,8.4,6.87,,,
1477,聚陽,231,0.153,19.40870649,8.4,7.96,,,
3218,大學光,160,0.0839,13.42821034,8.39,5.29,,,
2207,和泰車,537,0.0609,45.00546961,8.38,3.88,,,
5426,振發,19.4,0.643,1.625933975,8.38,0.37,,,
8021,尖點,21.55,0.205,1.802923924,8.37,0.02,,,
2233,宇隆,132.5,0.0153,11.09481642,8.37,5.06,,,
3019,亞光,109.5,0.261,9.141444413,8.35,5.54,,,
4571,鈞興-KY,120,0.111,10.00516302,8.34,4.76,,,
3312,弘憶股,35.55,0.348,2.96383444,8.34,5.22,,,
1474,弘裕,10.8,0.0855,0.900627806,8.34,3.48,,,
4977,眾達-KY,76.6,0.966,6.391497731,8.34,5.18,,,
3597,映興,23.75,0.504,1.977220327,8.33,7.35,,,
8109,博大,79.3,0.0221,6.588229861,8.31,5.71,,,
6683,雍智科技,251.5,0.193,20.9043508,8.31,4.17,,,
2328,廣宇,34.3,0.229,2.847738732,8.3,4.45,,,
9939,宏全,134.5,0.118,11.16078918,8.3,5.21,,,
6115,鎰勝,47.6,0.108,3.944063165,8.29,7.98,,,
8049,晶采,27.1,-0.101,2.245947456,8.29,6.61,,,
2855,統一證,19.95,-0.45,1.654447802,8.29,5.92,,,
2727,王品,197,0.0625,16.32894231,8.29,6.13,,,
8424,惠普,66.8,0.196,5.527745152,8.28,7.88,,,
2845,遠東銀,11.75,-0.0351,0.972431117,8.28,5.86,,,
2329,華泰,25.95,-0.0235,2.144941253,8.27,3.14,,,
8131,福懋科,23.3,-0.0548,1.927716789,8.27,5.97,,,
3066,李洲,14.4,0.0221,1.189373605,8.26,0,,,
2066,世德,69.2,-0.0366,5.713412894,8.26,4.42,,,
2442,新美齊,19.35,0.331,1.596849992,8.25,2.59,,,
2206,三陽工業,65.5,-0.162,5.400016426,8.24,4.03,,,
8112,至上,41.75,-0.17,3.44151817,8.24,6.52,,,
6692,進能服,32.4,1.9,2.671275256,8.24,14.24,,,
3289,宜特,83.1,0.0839,6.844106758,8.24,5.82,,,
1102,亞泥,43.3,-0.0028,3.562640426,8.23,5.44,,,
1783,和康生,36.1,0.394,2.972480404,8.23,5.71,,,
1604,聲寶,25.3,-0.0084,2.080618269,8.22,5.6,,,
3338,泰碩,39.65,0.091,3.258767577,8.22,5.66,,,
1539,巨庭,15.95,-0.071,1.311759076,8.22,3.68,,,
5478,智冠,96.3,-0.0041,7.905743375,8.21,7.86,,,
6803,崑鼎,275,0.131,22.51135088,8.19,7.29,,,
2596,綠意,28.45,2.6,2.325693,8.17,8.71,,,
6697,東捷資訊,36,0.0716,2.930001477,8.14,6.49,,,
6146,耕興,159,-0.0204,12.94129971,8.14,6.38,,,
3483,力致,92.7,-0.0683,7.538412105,8.13,4.86,,,
6548,長科*,29.1,0.162,2.361240736,8.11,5.17,,,
3034,聯詠,458.5,0.11,37.13484306,8.1,6.62,,,
6527,明達醫,69,0.124,5.581391059,8.09,4.44,,,
6753,龍德造船,89.3,0.156,7.221087321,8.09,3.33,,,
4543,萬在,23.25,-0.0895,1.881885652,8.09,2.56,,,
6449,鈺邦,89.1,0.254,7.201353213,8.08,4.84,,,
1216,統一,75,0.0634,6.05460811,8.07,6.91,,,
2481,強茂,38.65,0.11,3.118950092,8.07,4.65,,,
3071,協禧,16.8,-0.0128,1.353511471,8.06,6.83,,,
6488,環球晶,263.5,0.0336,21.24507844,8.06,4.16,,,
3023,信邦,186.5,0.025,15.02969583,8.06,5.61,,,
6523,達爾膚,130.5,-0.0063,10.51636651,8.06,8.17,,,
7631,聚賢研發-創,84.8,0.456,6.817366465,8.04,3.46,,,
9911,櫻花,83.2,0.142,6.691725916,8.04,6.34,,,
4771,望隼,166.5,0.0553,13.38160683,8.04,3.04,,,
2330,台積電,785,0.392,62.92860949,8.02,3.14,,,
5276,達輝-KY,12,0.277,0.961036861,8.01,1.55,,,
6416,瑞祺電通,74.5,0.321,5.960701662,8,5.2,,,
9906,欣巴巴,79,-0.0544,6.308688839,7.99,4.78,,,
8416,實威,135.5,-0.0151,10.80730813,7.98,5.83,,,
4401,東隆興,14.7,0.0819,1.171642268,7.97,-1.08,,,
2250,IKKA-KY,79.2,0.0332,6.300819274,7.96,5.39,,,
6637,醫影,63,-0.264,5.007724444,7.95,4.26,,,
8299,群聯,406,-0.165,32.22507642,7.94,4.36,,,
1726,永記,70.6,0.0623,5.607321823,7.94,5.38,,,
6754,匯僑設計,54.3,-0.332,4.314098127,7.94,6.3,,,
4533,協易機,25.75,0.319,2.044782591,7.94,10.15,,,
5548,安倉,22.85,-0.0159,1.815377757,7.94,5.07,,,
8929,富堡,16,0.18,1.268200435,7.93,1.59,,,
3028,增你強,28.15,0.0712,2.231931933,7.93,7.23,,,
8032,光菱,35.25,0.297,2.792817305,7.92,5.11,,,
6967,汎瑋材料,39.85,0.0065,3.158046612,7.92,6.33,,,
1535,中宇,48.85,-0.0515,3.862779386,7.91,6.05,,,
2353,宏碁,27.05,0.044,2.130725262,7.88,6.57,,,
8341,日友,69.2,0.265,5.436354269,7.86,7.83,,,
2404,漢唐,418,0.0005,32.81290073,7.85,6.45,,,
3694,海華,37.75,0.0835,2.961512645,7.85,1.58,,,
4119,旭富,66.2,0.163,5.190775983,7.84,2.84,,,
3605,宏致,39.2,0.326,3.068478924,7.83,2.03,,,
6283,淳安,22.7,1.12,1.776971197,7.83,0,,,
3481,群創,11.95,0.108,0.933615071,7.81,6.02,,,
1319,東陽,114,0.181,8.894688791,7.8,5.45,,,
1109,信大,15.5,-0.216,1.209078804,7.8,4.74,,,
6285,啟碁,101.5,0.109,7.90072247,7.78,5.09,,,
2608,嘉里大榮,33.25,0.0087,2.584602717,7.77,4.69,,,
2538,基泰,11.1,0.514,0.860215384,7.75,-2.2,,,
4966,譜瑞-KY,449.5,0.0886,34.75419507,7.73,3.82,,,
8074,鉅橡,17.6,0.0661,1.36023402,7.73,7.54,,,
4905,台聯電,54.1,0.229,4.177810239,7.72,2.9,,,
6693,廣閎科,55,0.281,4.244351313,7.72,8.06,,,
2884,玉山金,25.9,0.226,1.998909675,7.72,6.23,,,
5287,數字,168,0.0276,12.96537993,7.72,6.7,,,
9905,大華,21.35,0.0185,1.644306334,7.7,5.93,,,
2501,國建,18,0.0451,1.382295679,7.68,5.03,,,
3306,鼎天,33.25,-0.127,2.554141126,7.68,8.63,,,
4107,邦特,105,0.0564,8.04873316,7.67,5.01,,,
9933,中鼎,35.9,-0.237,2.754847328,7.67,8.18,,,
2108,南帝,24.3,0.0404,1.864655912,7.67,5.24,,,
6482,弘煜科,53.7,0.155,4.114151883,7.66,5.09,,,
8466,美吉吉-KY,26.9,0.245,2.059326429,7.66,3.62,,,
4126,太醫,86.6,0.0719,6.628208807,7.65,6.63,,,
4767,誠泰科技,32.7,-0.112,2.501591083,7.65,4.39,,,
3704,合勤控,26,0.378,1.988339825,7.65,2.2,,,
1519,華城,321.5,0.657,24.58902312,7.65,5.82,,,
8039,台虹,33.1,0.128,2.529018402,7.64,5.81,,,
3587,閎康,139,0.0271,10.56967388,7.6,5.4,,,
2012,春雨,19.4,0.11,1.473706221,7.6,7.09,,,
3264,欣銓,55.8,-0.0167,4.22890673,7.58,4.52,,,
8176,智捷,10.25,0.862,0.776469211,7.58,0,,,
5876,上海商銀,45,0.124,3.40903513,7.58,4.41,,,
4563,百德,56.9,0.115,4.308309818,7.57,1.57,,,
2013,中鋼構,39.8,0.113,3.00465386,7.55,5.77,,,
3130,一零四,206,0.099,15.55725482,7.55,7.55,,,
2704,國賓,39.55,0.0822,2.985869419,7.55,1.65,,,
6486,互動,71.3,-0.0438,5.370611163,7.53,7.15,,,
4104,佳醫,83.6,0.0547,6.287989744,7.52,6.8,,,
2451,創見,78.5,0.0917,5.898908281,7.51,7.96,,,
6491,晶碩,292,-0.0762,21.94182851,7.51,3.5,,,
5285,界霖,37.8,0.126,2.837472784,7.51,8.08,,,
6242,立康,35.2,0.0907,2.639124478,7.5,5.84,,,
6691,洋基工程,375,0.456,28.04356053,7.48,6.76,,,
4721,美琪瑪,44.25,-0.0169,3.307368111,7.47,-1.48,,,
2480,敦陽科,119.5,0.189,8.932600075,7.47,6.96,,,
8050,廣積,50.2,0.518,3.748311529,7.47,8.16,,,
4173,久裕,22.8,0.351,1.702381034,7.47,6.07,,,
6418,詠昇,14.35,-0.0294,1.071655176,7.47,5.52,,,
2461,光群雷,13.5,-0.0716,1.008767036,7.47,7.16,,,
3013,晟銘電,81,0.646,6.038644824,7.46,2.19,,,
4129,聯合,78,0.217,5.803562801,7.44,5.02,,,
5607,遠雄港,29.5,0.111,2.190624649,7.43,4.46,,,
6139,亞翔,176,-0.457,13.08401181,7.43,5.87,,,
6235,華孚,37.1,-0.0699,2.75825,7.43,2.46,,,
2516,新建,15.1,0.161,1.121195832,7.43,0,,,
5202,力新,19.45,-0.173,1.441547699,7.41,-2.15,,,
6263,普萊德,125,0.0764,9.257639706,7.41,6.78,,,
3324,雙鴻,397,0.402,29.43057298,7.41,3.34,,,
3390,旭軟,19.5,0.178,1.442695316,7.4,3.99,,,
9943,好樂迪,71.9,0.0036,5.315656677,7.39,6.28,,,
8043,蜜望實,20.45,-0.0075,1.508221183,7.38,2.02,,,
4552,力達-KY,17.6,0.0971,1.297477944,7.37,3.42,,,
2809,京城銀,44.6,-0.274,3.283988083,7.36,3.46,,,
2748,雲品,42.6,0.0072,3.136054594,7.36,1.94,,,
2838,聯邦銀,15.45,-0.102,1.131713027,7.33,5.87,,,
1468,昶和,11.5,-0.202,0.843291633,7.33,0,,,
6790,永豐實,39.15,0.0208,2.866812904,7.32,5.87,,,
6680,鑫創電子,63.1,0.131,4.616885654,7.32,5.86,,,
5289,宜鼎,199,0.203,14.53878995,7.31,5.04,,,
2377,微星,123.5,0.124,9.030176305,7.31,4.33,,,
3388,崇越電,60.3,0.0265,4.406468543,7.31,5.83,,,
1736,喬山,158,0.439,11.54019597,7.3,9.49,,,
6133,金橋,12.4,0.387,0.904915477,7.3,1.61,,,
2640,大車隊,123.5,0.02,8.986722766,7.28,6.05,,,
4109,加捷生醫,15.5,-0.38,1.126751474,7.27,0.79,,,
1568,倉佑,19.95,-0.069,1.449365587,7.26,8.67,,,
9910,豐泰,88,0.0051,6.376292865,7.25,5.86,,,
3711,日月光投控,115,0.0833,8.34294514,7.25,4.55,,,
1218,泰山,18.15,-0.115,1.31540009,7.25,3.69,,,
2539,櫻花建,53.7,0.366,3.88901711,7.24,7.34,,,
4138,曜亞,78.6,-0.129,5.688319752,7.24,7,,,
2892,第一金,24.4,-0.0241,1.766599937,7.24,5.35,,,
6214,精誠,99.7,-0.0345,7.219478619,7.24,6.44,,,
1442,名軒,68.9,-0.304,4.982813894,7.23,8.14,,,
2308,台達電,280.5,0.302,20.23938862,7.22,4.17,,,
2352,佳世達,21.55,0.0604,1.554384473,7.21,4.98,,,
6829,千附精密,108,0.364,7.790951824,7.21,6.29,,,
6203,海韻電,61.1,0.261,4.399488714,7.2,5.36,,,
1256,鮮活果汁-KY,103,-0.156,7.420934521,7.2,3.99,,,
9907,統一實,15.25,0.182,1.09571635,7.19,6.48,,,
8415,大國鋼,31.9,0.0298,2.287796998,7.17,5.19,,,
8091,翔名,97.2,-0.0213,6.970479561,7.17,5.86,,,
2356,英業達,33.9,0.203,2.427001918,7.16,6.07,,,
5312,寶島科,114.5,-0.0203,8.193225874,7.16,7.1,,,
4438,廣越,75.6,0.166,5.413494952,7.16,4.95,,,
7705,三商餐飲,54.3,0.0284,3.879555186,7.14,6.99,,,
1513,中興電,106.5,0.0503,7.589375862,7.13,5.21,,,
3567,逸昌,24,-0.0813,1.710231556,7.13,6.33,,,
2070,精湛,41.3,-0.0109,2.941746123,7.12,2.56,,,
8482,商億-KY,63.6,0.0252,4.520572901,7.11,5.87,,,
6216,居易,28.5,-0.297,2.01858709,7.08,7.15,,,
3583,辛耘,204.5,0.254,14.48287808,7.08,3.34,,,
1735,日勝化,13.8,0.0059,0.975900589,7.07,5.07,,,
6261,久元,56,0.0421,3.960589758,7.07,6.05,,,
2880,華南金,25.05,0.0539,1.768789864,7.06,5.19,,,
6741,91APP*-KY,66,0.13,4.661359701,7.06,1.58,,,
4770,上品,200.5,-0.347,14.130099,7.05,3.93,,,
6922,宸曜,132.5,0.233,9.321931595,7.04,5.12,,,
6662,樂斯科,30.7,0.255,2.160125781,7.04,6.13,,,
2373,震旦行,58.7,-0.0427,4.131811792,7.04,6.23,,,
8422,可寧衛,174.5,0.14,12.25342674,7.02,6.62,,,
5244,弘凱,34.1,-0.0266,2.394262286,7.02,4.03,,,
3441,聯一光,26.9,0.334,1.8889515,7.02,2.32,,,
7713,威力德生醫,55.1,0.0315,3.865123516,7.01,5.05,,,
6982,大井泵浦,42.15,0.178,2.951082074,7,5.29,,,
6411,晶焱,58.1,0.0043,4.057254907,6.98,4.76,,,
4506,崇友,99.8,0.245,6.955820339,6.97,5.25,,,
6579,研揚,105.5,0.0864,7.353228781,6.97,4.92,,,
6914,阜爾運通,119.5,0.2,8.319850151,6.96,4.28,,,
6494,九齊,32.75,-0.137,2.274672032,6.95,5.32,,,
6739,竹陞科技,159.5,1.02,11.06172275,6.94,3.05,,,
4102,永日,20.45,-0.142,1.418977358,6.94,3.65,,,
6155,鈞寶,17.8,0.277,1.235607107,6.94,7.71,,,
7712,博盛半導體,101,-0.077,6.976801963,6.91,2.15,,,
8349,恒耀,47.3,-0.121,3.266275749,6.91,5.2,,,
6151,晉倫,25.3,0.172,1.745134416,6.9,6.41,,,
2351,順德,61.7,0.0621,4.252485544,6.89,4.84,,,
6277,宏正,62.1,0.0252,4.272813389,6.88,5,,,
5007,三星,50.3,-0.0424,3.455345091,6.87,6.1,,,
6184,大豐電,49.7,0.0147,3.412875083,6.87,5.97,,,
5016,松和,24.3,-0.0298,1.668237494,6.87,4.77,,,
3628,盈正,33.5,0.0645,2.300596262,6.87,6.31,,,
2433,互盛電,48.65,-0.0173,3.342160151,6.87,6.27,,,
3035,智原,173,1.88,11.89036623,6.87,4.89,,,
6913,鴻呈,95,0.378,6.510236547,6.85,4.12,,,
3708,上緯投控,55.5,0.13,3.80291641,6.85,4.15,,,
6223,旺矽,494.5,0.382,33.81195117,6.84,3.84,,,
7734,印能科技,823,0.404,56.3220904,6.84,3.44,,,
2114,鑫永銓,79.2,0.0543,5.407137518,6.83,5.71,,,
4716,大立,14.65,0.17,0.999011397,6.82,3.12,,,
1443,立益物流,27.1,0.186,1.845333925,6.81,0,,,
8155,博智,99,0.602,6.737825657,6.81,5.03,,,
6899,創為精密,48.5,0,3.303301887,6.81,3.54,,,
3416,融程電,117,0.144,7.950464743,6.8,5.9,,,
3332,幸康,37.5,0.167,2.549494653,6.8,3.32,,,
8908,欣雄,39.75,0.439,2.695073025,6.78,5.85,,,
6291,沛亨,72.2,-0.01,4.891848571,6.78,2.77,,,
2755,揚秦,104.5,0.205,7.066522176,6.76,5.43,,,
6752,叡揚,110.5,0.216,7.470423729,6.76,4.14,,,
2015,豐興,55.3,-0.122,3.738676754,6.76,5.32,,,
7708,全家餐飲,86.5,0.159,5.840036471,6.75,4.78,,,
7556,意德士,119,0.384,8.022518893,6.74,4.18,,,
3669,圓展,28.6,-0.0569,1.923373122,6.73,3.85,,,
2302,麗正,14.9,0.326,1.00237448,6.73,5.08,,,
1731,美吾華,20.2,0.0358,1.358164524,6.72,5.98,,,
1717,長興,23.8,0.004,1.599423022,6.72,4.31,,,
6592,和潤企業,61.3,-0.218,4.113120218,6.71,4.46,,,
3043,科風,22.05,0.582,1.478676831,6.71,0,,,
8272,全景軟體,63.4,0.136,4.24496,6.7,3.99,,,
1773,勝一,112.5,0.0393,7.51891942,6.68,4.02,,,
5604,中連,36.2,-0.029,2.413771875,6.67,9.99,,,
1608,華榮,18.95,-0.0216,1.263802538,6.67,-2.63,,,
8271,宇瞻,35.85,0.0526,2.390971734,6.67,4.86,,,
3031,佰鴻,14.95,-0.0696,0.995370573,6.66,5.57,,,
2454,聯發科,1185,0.173,78.4716789,6.62,7.17,,,
1215,卜蜂,94.3,-0.0311,6.24047506,6.62,4.74,,,
3591,艾笛森,16.8,0.0617,1.111005454,6.61,7.05,,,
2484,希華,17.2,0.146,1.133538369,6.59,4.81,,,
2235,謚源,44.95,0.11,2.962930362,6.59,6.7,,,
3118,進階,30.05,-0.0076,1.978634828,6.58,5.95,,,
3558,神準,146,0.398,9.589660508,6.57,2.57,,,
9917,中保科,106,0.083,6.962000266,6.57,5.71,,,
6732,昇佳電子,153.5,-0.086,10.06272843,6.56,5.7,,,
6417,韋僑,74.3,0.125,4.874202128,6.56,3.24,,,
6531,愛普*,193,0.304,12.61333071,6.54,3.89,,,
2401,凌陽,18.65,0.212,1.219745347,6.54,4.67,,,
3025,星通,43.85,-0.226,2.855770864,6.51,6.21,,,
5209,新鼎,134.5,-0.345,8.747011004,6.5,5.34,,,
2543,皇昌,69.5,0.0109,4.519550964,6.5,3.78,,,
8435,鉅邁,68,-0.0589,4.411001968,6.49,6.17,,,
3444,利機,46.4,0.265,3.012803911,6.49,5.3,,,
8436,大江,133,0.0496,8.613388605,6.48,5.56,,,
2941,米斯特,58,0.156,3.748374779,6.46,4.37,,,
1788,杏昌,136,0.0887,8.791135102,6.46,5.26,,,
2106,建大,22.1,0.0961,1.425065658,6.45,8.46,,,
6281,全國電,69.2,-0.0101,4.464198504,6.45,5.54,,,
6997,博弘,97,0.125,6.250783937,6.44,5.48,,,
9962,有益,11.5,0.0953,0.740608564,6.44,3.97,,,
8927,北基,47.3,0.116,3.040626905,6.43,17.03,,,
4561,健椿,39.95,-0.223,2.565462068,6.42,2.66,,,
6158,禾昌,19.6,0.0097,1.258194443,6.42,3.76,,,
6534,正瀚-創,75,0.0349,4.805020024,6.41,4.92,,,
5880,合庫金,22.25,0.0949,1.424805848,6.4,5.18,,,
3596,智易,179,0.0124,11.39937187,6.37,4.54,,,
4952,凌通,34.4,-0.0323,2.187604044,6.36,5.84,,,
1590,亞德客-KY,675,0.124,42.9559362,6.36,2.86,,,
1563,巧新,49,-0.0185,3.116593272,6.36,6.21,,,
1227,佳格,31.95,0.0308,2.03147579,6.36,5.13,,,
8476,台境*,19.85,-0.235,1.259870036,6.35,1.47,,,
8163,達方,31.35,0.074,1.989475264,6.35,4.83,,,
1434,福懋,14.95,0.0722,0.94789008,6.34,6.53,,,
2227,裕日車,51.9,-0.409,3.284397253,6.33,5.61,,,
5904,寶雅,463.5,0.092,29.23642822,6.31,5.55,,,
2867,三商壽,5.24,-0.135,0.330021237,6.3,0.37,,,
1712,興農,38.9,-0.0204,2.451903668,6.3,5.57,,,
6923,中台,63.7,-0.1,4.007930359,6.29,5.61,,,
2453,凌群,50.9,0.0525,3.200452675,6.29,5.47,,,
3594,磐儀,36.1,0.406,2.267971904,6.28,3.9,,,
2430,燦坤,24.05,-0.064,1.507152945,6.27,5.67,,,
5347,世界,74.7,0.24,4.682832351,6.27,5.12,,,
5388,中磊,85.1,-0.299,5.327176746,6.26,3.93,,,
9940,信義,26.7,-0.319,1.669003298,6.25,4.78,,,
2836,高雄銀,10.25,0.19,0.638653539,6.23,6.11,,,
5902,德記,37.95,0.118,2.364053333,6.23,3.9,,,
9925,新保,39.75,0.0174,2.46889889,6.21,5.16,,,
2645,長榮航太,85.6,0.0818,5.318322979,6.21,5.47,,,
6205,詮欣,47.9,0.115,2.964610706,6.19,4.69,,,
2948,寶陞,38.3,0.0844,2.36859792,6.18,4.11,,,
1541,錩泰,20.25,0.175,1.248656091,6.17,2.81,,,
1504,東元,45.85,-0.0373,2.824071012,6.16,4.58,,,
2614,東森,15,-0.0902,0.924582896,6.16,3.09,,,
6727,亞泰金屬,50.1,-0.445,3.08015381,6.15,3.12,,,
1294,漢田生技,79.3,-0.138,4.860281739,6.13,4.58,,,
6196,帆宣,129,-0.0926,7.907037883,6.13,3.64,,,
3015,全漢,42.95,0.121,2.62499103,6.11,6.16,,,
8931,大汽電,39.5,0.0354,2.410510456,6.1,5.63,,,
1229,聯華,41.65,-0.105,2.537395322,6.09,5.1,,,
3257,虹冠電,37.55,-0.0712,2.279470677,6.07,5.68,,,
6438,迅得,137.5,0.221,8.312212546,6.05,3.76,,,
1470,大統新創,21,0.124,1.270357762,6.05,6.24,,,
6716,應廣,48.1,-0.312,2.905129673,6.04,5.05,,,
9908,大台北,30,0.0278,1.810500631,6.04,3.9,,,
3169,亞信,72.5,0.274,4.371880223,6.03,5.14,,,
2423,固緯,39.5,-0.0152,2.378887647,6.02,4.72,,,
4155,訊映,14.2,0.174,0.853983592,6.01,24.07,,,
1451,年興,16.3,-0.198,0.979335566,6.01,2.41,,,
2732,六角,73.9,-0.0521,4.435380581,6,5.94,,,
4183,福永生技,18.7,0.539,1.121202555,6,5.45,,,
6174,安碁,16.25,0.308,0.972998208,5.99,3.34,,,
2753,八方雲集,165.5,0.115,9.906349714,5.99,4.55,,,
1733,五鼎,26.5,0.24,1.58728192,5.99,5.33,,,
2362,藍天,35.05,-0.25,2.097384548,5.98,4.79,,,
6164,華興,8.9,-0.0267,0.531508698,5.97,2.33,,,
3556,禾瑞亞,33.95,-0.0639,2.023317099,5.96,5.41,,,
5274,信驊,2330,1.04,138.8577778,5.96,4.94,,,⚠️ 預估EPS過高：138.9
3219,倚強科,25.8,1.02,1.537096559,5.96,3.15,,,
2889,國票金,11.85,-0.115,0.704498083,5.95,5.26,,,
6690,安碁資訊,144.5,0.143,8.598849,5.95,3.8,,,
9918,欣天然,38.05,0.0309,2.261945793,5.94,5.3,,,
1452,宏益,11.35,0.0544,0.674522761,5.94,4.84,,,
1907,永豐餘,23.1,0.0024,1.364199927,5.91,3.87,,,
6781,AES-KY,639,0.49,37.68137705,5.9,2.8,,,
3037,欣興,70.4,0.14,4.144569935,5.89,2.33,,,
8923,時報,18.35,0.159,1.081165382,5.89,5.32,,,
5438,東友,16.05,0.226,0.943348187,5.88,20.67,,,
4906,正文,22.5,-0.105,1.323462614,5.88,4.85,,,
6215,和椿,60.2,0.68,3.536268116,5.87,4.16,,,
3189,景碩,61.2,0.232,3.588866299,5.86,23.4,,,
1456,怡華,11,-0.416,0.644816393,5.86,5.05,,,
5530,龍巖,63,-0.037,3.692599053,5.86,1.12,,,
6207,雷科,34.65,-0.0204,2.02237062,5.84,4.46,,,
4550,長佳,24.75,-0.543,1.445135825,5.84,4.09,,,
2063,世鎧,29.3,-0.123,1.706848911,5.83,5.33,,,
1584,精剛,24.85,0.0927,1.448282508,5.83,2.34,,,
8404,百和興業-KY,20,0.266,1.16604164,5.83,2.73,,,
6703,軒郁,137,-0.169,7.960711807,5.81,5.69,,,
6213,聯茂,48.15,0.232,2.794137741,5.8,3.92,,,
6195,詩肯,27.15,-0.0222,1.574837634,5.8,4.99,,,
1240,茂生農經,62.3,-0.106,3.609871065,5.79,13.06,,,
2515,中工,8.56,0.0485,0.495527545,5.79,4.86,,,
2707,晶華,195,0.078,11.28936276,5.79,6.05,,,
5474,聰泰,121,-0.0025,6.990012871,5.78,3.22,,,
5489,彩富,39.65,-0.0088,2.293357461,5.78,0.24,,,
1217,愛之味,10.6,-0.0039,0.611479691,5.77,3.05,,,
3050,鈺德,10.9,-0.0362,0.628832568,5.77,4.65,,,
2374,佳能,37.6,0.184,2.171328791,5.77,2.87,,,
3293,鈊象,715,0.283,41.18247637,5.76,5.24,,,
2030,彰源,13.6,-0.0691,0.781775626,5.75,6.85,,,
2450,神腦,29.95,-0.0691,1.722933892,5.75,4.88,,,
6958,日盛台駿,18.45,-0.0021,1.059435828,5.74,4.3,,,
8072,陞泰,28.45,0.181,1.634378175,5.74,2.57,,,
3546,宇峻,81.9,-0.15,4.690875706,5.73,5.2,,,
1459,聯發,10.2,-0.0261,0.580235545,5.69,0.11,,,
3152,璟德,105,-0.0404,5.967178562,5.68,4.7,,,
1723,中碳,87.9,-0.0216,4.990190899,5.68,4.48,,,
6526,達發,423,0.532,23.934448,5.66,3.53,,,
1525,江申,58,-0.202,3.28456545,5.66,3.31,,,
5603,陸海,18.95,-0.138,1.068152168,5.64,4.1,,,
9926,新海,48.4,0.0365,2.731375744,5.64,4.39,,,
4728,雙美,341,0.536,19.18322172,5.63,4.83,,,
3581,博磊,28.8,0.142,1.622649412,5.63,3.89,,,
1503,士電,113.5,0.0578,6.384970982,5.63,3.4,,,
1201,味全,15.1,-0.0311,0.850315332,5.63,2.91,,,
4741,泓瀚,26.15,-0.256,1.472417073,5.63,4.7,,,
4163,鐿鈦,94.1,0.0149,5.297525668,5.63,3.17,,,
1734,杏輝,29.05,0.0357,1.630439405,5.61,0.45,,,
8478,東哥遊艇,127.5,-0.279,7.130816122,5.59,3.52,,,
2912,統一超,247.5,0.0458,13.83063408,5.59,5.22,,,
8069,元太,198.5,0.428,11.08667307,5.59,3.76,,,
4911,德英,45,0.446,2.505336271,5.57,2.01,,,
6229,研通,18.7,0.932,1.041693792,5.57,15.25,,,
9931,欣高,33.9,-0.372,1.881880233,5.55,3.88,,,
1232,大統益,148.5,-0.0407,8.241372101,5.55,4.47,,,
2849,安泰銀,12.05,-0.012,0.668072623,5.54,3.73,,,
5878,台名,42,0.0453,2.320942982,5.53,5.66,,,
6805,富世達,426.5,0.316,23.56635569,5.53,2.77,,,
1457,宜進,17.7,-0.0273,0.977685792,5.52,3.72,,,
1449,佳和,12.1,-0.266,0.667503167,5.52,1.32,,,
2719,燦星旅,26.95,0.189,1.48589913,5.51,0,,,
6108,競國,12.8,-0.242,0.705696773,5.51,5.02,,,
6720,久昌,121.5,0.156,6.692983784,5.51,5.85,,,
6641,基士德-KY,20.9,-0.0025,1.148160527,5.49,3.96,,,
4566,時碩工業,49.6,0.187,2.722612267,5.49,2.99,,,
6791,虎門科技,90,0.168,4.896046154,5.44,4.69,,,
2427,三商電,19.35,-0.268,1.053455488,5.44,2.61,,,
6666,羅麗芬-KY,35.2,0.0399,1.912981635,5.43,5.16,,,
6843,進典,43.95,-0.0055,2.37406009,5.4,4.07,,,
2910,統領,20,-0.0506,1.071962675,5.36,2.71,,,
2536,宏普,26.95,1.52,1.445681683,5.36,-2.34,,,
6117,迎廣,63.1,-0.187,3.382567585,5.36,0.57,,,
6596,寬宏藝術,75.3,-0.268,4.031223263,5.35,14.46,,,
3167,大量,59.4,1.11,3.178144728,5.35,6.71,,,
2886,兆豐金,36.85,-0.159,1.971584734,5.35,4.67,,,
1737,臺鹽,29.9,0.0072,1.599102456,5.35,3.96,,,
2949,欣新網,75.2,0.192,4.023495496,5.35,2.59,,,
2467,志聖,109.5,0.212,5.850332653,5.34,4.78,,,
3531,先益,22.8,-0.101,1.211592706,5.31,4.27,,,
6903,巨漢,87.6,-0.481,4.631201199,5.29,3.96,,,
2105,正新,45.8,-0.0252,2.423075448,5.29,4.41,,,
3532,台勝科,62.6,-0.0148,3.306315162,5.28,3.1,,,
2945,三商家購,34.65,0.0276,1.828478649,5.28,4.37,,,
2436,偉詮電,37.45,0.196,1.978438708,5.28,5.24,,,
5203,訊連,88.1,0.16,4.626425349,5.25,3.91,,,
3653,健策,756,0.659,39.68664409,5.25,3.39,,,
4161,聿新科,29.8,-0.11,1.557568053,5.23,2.28,,,
2820,華票,14.35,-0.273,0.744749997,5.19,3.7,,,
2729,瓦城,178.5,0.0581,9.246060739,5.18,5.38,,,
4722,國精化,43.85,0.0091,2.266529608,5.17,3.23,,,
6530,創威,38.25,0.205,1.977460355,5.17,5.35,,,
6859,伯特光,130.5,1.28,6.746486747,5.17,3.19,,,
6510,精測,489,0.706,25.26452561,5.17,2.51,,,
8083,瑞穎,133.5,-0.325,6.892131054,5.16,5.08,,,
5234,達興材料,126,0.166,6.506588647,5.16,4.25,,,
3652,精聯,24.75,0.0139,1.271673248,5.14,2.57,,,
4205,中華食,88.4,0.0196,4.545262072,5.14,3.81,,,
3588,通嘉,39.85,0.108,2.048674238,5.14,4.5,,,
7704,明遠精密,45.45,-0.128,2.325386667,5.12,4.04,,,
2415,錩新,19.75,-0.0962,1.012018187,5.12,69.26,,⚠️≧50%,
3447,展達,42.75,0.814,2.18619316,5.11,2.69,,,
3374,精材,112,-0.0752,5.704647634,5.09,2.08,,,
6546,正基,81,0.156,4.118502994,5.08,4.36,,,
4744,皇將,18,0.11,0.913921036,5.08,3.2,,,
2027,大成鋼,43,0.126,2.180102761,5.07,0.47,,,
1467,南緯,7.05,0.0565,0.357727222,5.07,0.99,,,
5314,世紀*,52.2,1.82,2.640631905,5.06,0.88,,,
4735,豪展,28,0.0175,1.415715,5.06,2.3,,,
1234,黑松,38.1,-0.185,1.929724225,5.06,4.15,,,
5222,全訊,91.2,-0.042,4.615891512,5.06,5.29,,,
6506,雙邦,12.7,0.0691,0.639445548,5.04,45.29,,⚠️≧30%,
4755,三福化,82.8,0.0257,4.167783741,5.03,3.81,,,
6933,AMAX-KY,115.5,0.493,5.81532029,5.03,1.58,,,
8162,微矽電子-創,29.9,0.191,1.504588834,5.03,0.09,,,
4979,華星光,123,0.626,6.179132244,5.02,0.87,,,
3059,華晶科,28.45,0.032,1.42512593,5.01,3.49,,,
3455,由田,73.4,-0.309,3.649322705,4.97,4.18,,,
8462,柏文,112.5,0.185,5.584361917,4.96,4.11,,,
4931,新盛力,62.1,0.249,3.082185175,4.96,2.88,,,
3131,弘塑,809,0.382,40.05926137,4.95,3.69,,,
6517,保勝光學,72.6,-0.0253,3.578883824,4.93,1.65,,,
6821,聯寶,28.8,0.206,1.420455949,4.93,4.61,,,
4133,亞諾法,21.9,0.0646,1.077515941,4.92,4.43,,,
6220,岳豐,18,-0.0503,0.883853201,4.91,1.02,,,
1560,中砂,165,0.111,8.108439835,4.91,3,,,
8996,高力,171,0.271,8.371957862,4.9,3.84,,,
5269,祥碩,1315,0.288,64.35493012,4.89,2.71,,,
1531,高林股,10.65,0.106,0.521137189,4.89,4.12,,,
6568,宏觀,85.5,0.102,4.184080645,4.89,4.57,,,
6582,申豐,37.2,0.827,1.808833136,4.86,2.89,,,
4106,雃博,19.45,-0.175,0.943719153,4.85,2.75,,,
2947,振宇五金,77,0.078,3.72110087,4.83,3.1,,,
6111,大宇資,44.1,-0.0644,2.13131126,4.83,2,,,
6569,醫揚,109,0.126,5.23270155,4.8,4.34,,,
1110,東泥,17.95,0.309,0.860391969,4.79,4.74,,,
3645,達邁,42.5,0.194,2.025893442,4.77,1.88,,,
6874,倍力,69.8,-0.255,3.319958318,4.76,4.04,,,
4164,承業醫,35.8,0.552,1.697008029,4.74,4.54,,,
5381,合正,16.6,-0.0971,0.787343671,4.74,0,,,
6104,創惟,117,0.654,5.53525431,4.73,4.38,,,
6140,訊達,28.35,0.303,1.338192551,4.72,9.55,,,
2762,世界健身-KY,73.1,0.1,3.436163556,4.7,8.16,,,
6026,福邦證,11.1,-0.531,0.522059768,4.7,2.92,,,
6792,詠業,46.5,0.0621,2.18740477,4.7,4.36,,,
6658,聯策,50.8,0.72,2.381889231,4.69,4.78,,,
3454,晶睿,97.2,0.245,4.553833718,4.69,3.15,,,
3438,類比科,38.3,0.185,1.78995339,4.67,,,⚠️≧100%,
6679,鈺太,193.5,0.0413,9.025759124,4.66,3.55,,,
2342,茂矽,20.25,0.634,0.943739113,4.66,1.63,,,
2706,第一店,12.45,0.0421,0.579398196,4.65,2.92,,,
3221,台嘉碩,16.45,0.0364,0.763504389,4.64,-3.32,,,
8926,台汽電,37.65,-0.0467,1.748433439,4.64,4.99,,,
8028,昇陽半導體,90.9,0.472,4.206787486,4.63,4.32,,,
6212,理銘,45.6,-0.654,2.108310039,4.62,1.86,,,
8932,智通*,77.6,0.628,3.581039709,4.61,0.06,,,
4739,康普,39.7,-0.0335,1.829866176,4.61,1.63,,,
4137,麗豐-KY,99.4,-0.201,4.573251491,4.6,4.34,,,
6968,萬達寵物,55.6,0.105,2.55418922,4.59,1.98,,,
6606,建德工業,23.25,-0.0046,1.068273697,4.59,7.32,,,
3703,欣陸,22.35,0.26,1.024557629,4.58,3.36,,,
4588,玖鼎電力,57.9,-0.367,2.650632727,4.58,2.78,,,
3675,德微,121.5,-0.107,5.548468739,4.57,3.31,,,
1599,宏佳騰,26.9,0.1,1.227281074,4.56,1.9,,,
6747,亨泰光,129,0.0848,5.872444235,4.55,4.69,,,
6183,關貿,81.5,0.0865,3.694565333,4.53,3.75,,,
8917,欣泰,60.1,0.148,2.716898955,4.52,4.28,,,
5201,凱衛,34.4,-0.308,1.555712834,4.52,3.51,,,
1742,台蠟,16,-0.181,0.722811944,4.52,0.3,,,
6136,富爾特,21.2,0.0607,0.955009018,4.5,6.58,,,
8076,伍豐,21.95,-0.329,0.988074932,4.5,6.19,,,
1521,大億,21.4,-0.165,0.961809449,4.49,3.5,,,
3563,牧德,360.5,1.98,16.17401377,4.49,3.42,,,
2633,台灣高鐵,25.45,-0.0003,1.143524389,4.49,4.35,,,
1776,展宇,15.95,0.066,0.714757737,4.48,6.09,,,
6409,旭隼,1160,0.0861,51.94175234,4.48,3.98,,,
2017,官田鋼,8.38,0.0233,0.375572734,4.48,8.31,,,
3577,泓格,48.7,0.344,2.17758525,4.47,3.6,,,
3163,波若威,123,-0.0453,5.498447954,4.47,3.2,,,
1611,中電,11.1,-0.0022,0.494812663,4.46,5.5,,,
5443,均豪,55.7,-0.14,2.476476439,4.45,4.18,,,
1722,台肥,45.7,0.01,2.035363265,4.45,3.91,,,
6763,綠界科技*,45.2,0.0484,1.996896274,4.42,3.63,,,
4549,桓達,101.5,-0.0539,4.464566877,4.4,3.69,,,
8454,富邦媒,306,-0.0226,13.37704188,4.37,4.17,,,
6508,惠光,24.7,0.006,1.073627709,4.35,3.58,,,
1786,科妍,83.9,0.0459,3.620324761,4.32,3.92,,,
6561,是方,356,0.114,15.37455846,4.32,3.98,,,
8905,裕國,28.55,-0.0594,1.228968346,4.3,2.45,,,
5328,華容,10.8,0.147,0.462815361,4.29,2.61,,,
2028,威致,17.4,-0.235,0.743110071,4.27,1.31,,,
5508,永信建,110.5,-0.704,4.721881509,4.27,3.85,,,
5519,隆大,28.25,-0.691,1.20716875,4.27,2.97,,,
1617,榮星,13.55,0.162,0.577070781,4.26,5.2,,,
6542,隆中,46.8,-0.0183,1.987350843,4.25,1.12,,,
2395,研華,305.5,0.25,12.94918061,4.24,3.26,,,
6224,聚鼎,37.7,0.11,1.599672126,4.24,4.22,,,
6270,倍微,17.45,0.136,0.740280521,4.24,4.48,,,
3545,敦泰,51.3,-0.16,2.172547263,4.23,2.11,,,
4999,鑫禾,22.7,-0.0058,0.955694022,4.21,19.38,,,
6188,廣明,63.5,0.113,2.675736961,4.21,4.8,,,
2231,為升,73,-0.171,3.05166494,4.18,2.67,,,
4702,中美實,8.55,-0.388,0.357226003,4.18,0,,,
8431,匯鑽科,45.55,0.418,1.897539874,4.17,1.96,,,
8222,寶一,48,0.343,1.998831195,4.16,0.68,,,
4153,鈺緯,35.15,-0.0686,1.456530183,4.14,4.5,,,
2482,連宇,15.8,-0.195,0.652723235,4.13,1.38,,,
3434,哲固,42.75,0.0548,1.760639143,4.12,3.08,,,
6154,順發,12.95,0.0662,0.533407038,4.12,3.84,,,
3661,世芯-KY,1945,-0.0003,80.08020124,4.12,2.07,,,
6953,家碩,144.5,-0.255,5.942617333,4.11,2.21,,,
4904,遠傳,86.5,-0.0115,3.556213056,4.11,4.51,,,
2723,美食-KY,83.8,0.0286,3.431689778,4.1,3.45,,,
4414,如興,2.78,0.109,0.113888369,4.1,0,,,
3491,昇達科,315,0.43,12.8836869,4.09,4.1,,,
2455,全新,84.3,-0.0522,3.43868915,4.08,3.53,,,
3673,TPK-KY,26.05,-0.106,1.060557659,4.07,1.65,,,
9937,全國,58,-0.0115,2.356796775,4.06,3.49,,,
6570,維田,35.7,-0.089,1.449690976,4.06,3.48,,,
9921,巨大,105.5,0.131,4.274790961,4.05,2.43,,,
8034,榮群,13.5,-0.488,0.54497894,4.04,2.66,,,
3021,鴻名,15,0.056,0.605741255,4.04,1.8,,,
1605,華新,17.8,0.107,0.713816187,4.01,2.17,,,
8215,明基材,19.35,-0.0027,0.775176546,4.01,2.8,,,
8099,大世科,58.5,0.0173,2.340357427,4,3.49,,,
2701,萬企,10.65,-0.166,0.42473376,3.99,2.49,,,
4167,松瑞藥,14.45,0.018,0.575355406,3.98,2.62,,,
6469,大樹,144,0.106,5.694847432,3.95,3.64,,,
3285,微端,23.95,-0.239,0.946475419,3.95,2.29,,,
8403,盛弘,24,0.0136,0.947238086,3.95,2.21,,,
6204,艾華,42.25,0.123,1.663041429,3.94,29.99,,⚠️>25%,
2527,宏璟,24.9,-0.788,0.980625261,3.94,2.65,,,
2412,中華電,126,-0.0033,4.965318943,3.94,3.97,,,
6834,天二科技,22.35,0.368,0.879878075,3.94,2.48,,,
7728,光焱科技,214.5,0.088,8.460932374,3.94,3.19,,,
5525,順天,26.25,-0.481,1.033826179,3.94,2.97,,,
6870,騰雲,152.5,0.209,5.997213974,3.93,3.59,,,
5344,立衛,11.7,-0.161,0.458559181,3.92,0,,,
2756,聯發國際,75,0.216,2.92872049,3.9,4.51,,,
4114,健喬,29.1,0.12,1.132653069,3.89,3.65,,,
1904,正隆,15.5,0.0182,0.602493583,3.89,2.31,,,
2634,漢翔,42.3,-0.287,1.63814716,3.87,2.24,,,
3162,精確,38.5,1.67,1.487784202,3.86,0.72,,,
6446,藥華藥,445.5,0.97,17.19570196,3.86,0.19,,,
6655,科定,125.5,0.0316,4.850524136,3.86,8.78,,,
6895,宏碩系統,96.8,0.464,3.739059238,3.86,3.39,,,
3680,家登,314,-0.0902,12.10067706,3.85,3.33,,,
3138,耀登,68.6,-0.12,2.634943141,3.84,2.33,,,
2032,新鋼,13.6,0.152,0.521678271,3.84,2.58,,,
3150,鈺寶-創,22.9,0.269,0.877982169,3.83,1.22,,,
1315,達新,65.7,0.192,2.51702827,3.83,98.48,,⚠️≧50%,
1514,亞力,77.4,-0.0204,2.952963513,3.82,2.58,,,
5455,昇益,34.7,-0.772,1.322647328,3.81,0,,,
6231,系微,213.5,0.0972,8.039772569,3.77,3.31,,,
6182,合晶,15.85,0.167,0.595286764,3.76,2.25,,,
3376,新日興,179,-0.029,6.732995503,3.76,3.02,,,
3646,艾恩特,28.2,-0.23,1.059273079,3.76,3.59,,,
4541,晟田,40.35,0.203,1.513628695,3.75,,,⚠️≧100%,
8121,越峰,16.4,0.0007,0.613052432,3.74,0,,,
6955,邦睿生技-創,125,0.474,4.675354167,3.74,3.73,,,
8423,保綠-KY,16.95,0.0993,0.633564551,3.74,3.76,,,
3443,創意,853,0.234,31.76939194,3.72,2.3,,,
4433,興采,22.15,0.318,0.824136538,3.72,3.54,,,
3663,鑫科,40.7,1.1,1.507129032,3.7,3.54,,,
1465,偉全,13.35,-0.247,0.4934539,3.7,0.86,,,
6504,南六,43.45,0.162,1.607876033,3.7,2.84,,,
3045,台灣大,115,-0.0067,4.213783774,3.66,3.85,,,
1231,聯華食,122.5,0.0635,4.487531532,3.66,2.41,,,
5906,台南-KY,44.9,0.0341,1.636207442,3.64,2.02,,,
2388,威盛,58.1,0.0176,2.111078093,3.63,-0.5,,,
4908,前鼎,60,-0.225,2.179609974,3.63,3.17,,,
6712,長聖,144,0.152,5.210871765,3.62,3.11,,,
5471,松翰,29.6,0.0056,1.071447689,3.62,3.21,,,
4729,熒茂,16.45,0.208,0.595946131,3.62,2.49,,,
6603,富強鑫,13.3,0.104,0.480064783,3.61,3,,,
4160,訊聯基因,47.5,-0.167,1.711760805,3.6,2.61,,,
2540,愛山林,71.8,-0.0879,2.586999433,3.6,5.77,,,
6244,茂迪,15.5,-0.104,0.55788463,3.6,2.22,,,
6021,美好證,20.3,-0.484,0.727949875,3.59,4.03,,,
2613,中櫃,21.9,0.0038,0.785586704,3.59,3.53,,,
6243,迅杰,28.35,-0.0773,1.016007843,3.58,2.36,,,
6906,現觀科,103,0.0268,3.658572143,3.55,3.11,,,
5340,建榮,26.15,0.191,0.925469996,3.54,0.18,,,
5439,高技,139,0.396,4.906358813,3.53,2.66,,,
3006,晶豪科,43.75,-0.13,1.534053389,3.51,1.31,,,
6259,百徽,15.35,0.0974,0.536814822,3.5,6.74,,,
1444,力麗,6.93,-0.025,0.241559291,3.49,0.85,,,
3701,大眾控,25.55,-0.151,0.890898918,3.49,1.75,,,
4994,傳奇,92,-0.331,3.183665663,3.46,4.46,,,
6624,萬年清,33.6,0.678,1.160867923,3.45,2.03,,,
6715,嘉基,101,-0.218,3.482668916,3.45,1.96,,,
1103,嘉泥,13.55,0.0943,0.466349484,3.44,3.22,,,
6799,來頡,91.4,0.106,3.142143458,3.44,1.46,,,
6516,勤崴國際,62.7,0.472,2.147761279,3.43,9.75,,,
1515,力山,23.7,-0.536,0.813816815,3.43,1.78,,,
6865,偉康科技,57.9,-0.0732,1.975203265,3.41,2.42,,,
6294,智基,52.1,-0.0165,1.771659866,3.4,3.77,,,
6640,均華,314,-0.267,10.68348728,3.4,4.02,,,
8048,德勝,44,-0.372,1.486435571,3.38,2.92,,,
2754,亞洲藏壽司,63.5,-0.0694,2.149361143,3.38,1.83,,,
6937,天虹,162,-0.0952,5.44960723,3.36,1.04,,,
6751,智聯服務,39.4,0.256,1.313475676,3.33,2.81,,,
2468,華經,42.4,0.471,1.408720074,3.32,2.43,,,
1711,永光,14.25,0.0217,0.472303448,3.31,2.31,,,
4572,駐龍,161.5,-0.268,5.325602872,3.3,7.15,,,
8064,東捷,29.45,-0.0788,0.971008691,3.3,2.45,,,
8084,巨虹,34.4,0.0809,1.13328499,3.29,0,,,
5230,雷笛克光學,16.9,-0.124,0.554516125,3.28,-2.42,,,
4909,新復興,68.1,-0.783,2.227347013,3.27,2.39,,,
6789,采鈺,166.5,-0.0065,5.452822429,3.27,1.51,,,
6916,華凌,16,0.102,0.52038499,3.25,1.97,,,
1418,東華,22.35,0.589,0.72321338,3.24,0,,,
6015,宏遠證,8.68,-0.674,0.28067507,3.23,1.35,,,
6584,南俊國際,112,0.232,3.580125382,3.2,5.89,,,
2705,六福,15,0.0268,0.473636708,3.16,0,,,
2049,上銀,179,0.0603,5.586197622,3.12,1.31,,,
8147,正淩,75.2,0.23,2.34562558,3.12,2.86,,,
1727,中華化,19.65,0.186,0.603510949,3.07,1.63,,,
3512,皇龍,23,0.457,0.706208783,3.07,3.06,,,
6148,驊宏資,49.9,-0.0142,1.524630391,3.06,2.62,,,
1806,冠軍,10.25,0.015,0.312128099,3.05,2.79,,,
6219,富旺,25.65,-0.847,0.779158874,3.04,1.01,,,
1259,安心,56.5,-0.0157,1.710283778,3.03,1.78,,,
4175,杏一,55.6,0.0213,1.683310128,3.03,2.88,,,
8066,來思達,19.8,-0.105,0.59438701,3,2.54,,,
3060,銘異,20.05,0.292,0.600289436,2.99,1.43,,,
3095,及成,28.25,-0.0318,0.843421212,2.99,0,,,
3073,天方能源,28.15,0.348,0.840899838,2.99,0.52,,,
3266,昇陽,15,-0.771,0.447763752,2.99,0.99,,,
4583,台灣精銳,535,0.128,15.94426135,2.98,2.24,,,
2305,全友,9.05,-0.0466,0.269224075,2.97,0,,,
8374,羅昇,69.3,0.585,2.061052191,2.97,0.79,,,
6120,達運,9.05,-0.0485,0.268794546,2.97,1.03,,,
3016,嘉晶,27.1,-0.129,0.79906895,2.95,3.49,,,
6118,建達,14.1,0.0613,0.414315977,2.94,0.29,,,
2734,易飛網,17,-0.393,0.497421112,2.93,0,,,
6612,奈米醫材,91.1,1.1,2.65618051,2.92,0.92,,,
6689,伊雲谷,70.1,0.18,2.049856765,2.92,3.02,,,
4745,合富-KY,16,-0.247,0.464224938,2.9,2.05,,,
6165,浪凡,39.25,0.107,1.139575635,2.9,1.23,,,
4749,新應材,366.5,0.387,10.44111836,2.85,1.88,,,
4439,冠星-KY,77.6,0.277,2.205482921,2.84,1.83,,,
5371,中光電,54.3,-0.0845,1.543096729,2.84,2.39,,,
2646,星宇航空,22.15,0.429,0.628786392,2.84,0,,,
1233,天仁,32.8,-0.0517,0.927152557,2.83,3.54,,,
3164,景岳,17.2,-0.119,0.48543778,2.82,3.07,,,
6735,美達科技,40.95,-0.464,1.141494545,2.79,3.36,,,
3296,勝德,17.55,-0.0196,0.489321917,2.79,0.56,,,
3520,華盈,11.7,0.137,0.325531273,2.78,1.23,,,
4706,大恭,30.05,-0.157,0.834293582,2.78,3.31,,,
3615,安可,17.1,-0.19,0.47412438,2.77,,,⚠️≧100%,
6844,諾貝兒,112,0.0327,3.079704169,2.75,2.96,,,
2349,錸德,8.58,-0.198,0.235839299,2.75,0,,,
3178,公準,43.55,0.119,1.198604622,2.75,1.38,,,
3083,網龍,30.6,-0.0248,0.838616435,2.74,0,,,
6756,威鋒電子,79.5,-0.004,2.176763448,2.74,2.17,,,
2243,宏旭-KY,10.15,0.126,0.272794674,2.69,0,,,
3188,鑫龍騰,20.85,-0.746,0.559904219,2.69,1.75,,,
8289,泰藝,16.6,0.103,0.444064811,2.68,2.6,,,
2073,雄順,25.15,0.0661,0.668640964,2.66,2.68,,,
3552,同致,54,-0.068,1.435171762,2.66,1.51,,,
4510,高鋒,34.65,-0.127,0.915099417,2.64,1.24,,,
8111,立碁,36.85,0.0811,0.969285417,2.63,2.54,,,
3311,閎暉,34,0.0894,0.880142096,2.59,1.02,,,
5278,尚凡*,26,-0.007,0.671066826,2.58,2.17,,,
1781,合世,12,-0.395,0.308931561,2.57,0,,,
6234,高僑,18.6,-0.546,0.476628526,2.56,1.32,,,
8086,宏捷科,62.4,-0.4,1.592152672,2.55,2.16,,,
6877,鏵友益,68.9,0.584,1.756852459,2.55,-0.22,,,
8104,錸寶,27,0.402,0.685137339,2.54,3.03,,,
4747,強生,65.9,-0.109,1.673853942,2.54,2.19,,,
3467,台灣精材,42.75,0.165,1.079836141,2.53,2.06,,,
6288,聯嘉,16.65,0.0541,0.418303217,2.51,7.05,,,
5392,能率,24.15,-0.0625,0.603175851,2.5,2.22,,,
2483,百容,14.6,0.0044,0.364957257,2.5,2.04,,,
2509,全坤建,11.8,0.181,0.293322357,2.49,0.72,,,
2702,華園,11.15,0.066,0.277325826,2.49,0.26,,,
1219,福壽,12.85,0.018,0.319741071,2.49,2.1,,,
8042,金山電,28,0.138,0.693242891,2.48,8.88,,,
5490,同亨,17.45,0.256,0.42755659,2.45,1.37,,,
2365,昆盈,27.4,0.0401,0.671188366,2.45,1.96,,,
3380,明泰,22.4,-0.127,0.548297866,2.45,3.17,,,
1760,寶齡富錦,56,-0.0626,1.3637837,2.44,3.37,,,
7722,LINEPAY,487.5,0.239,11.82633125,2.43,0.17,,,
3362,先進光,118,0.0783,2.853719868,2.42,0.41,,,
3564,其陽,43.75,0.185,1.060565558,2.42,1.72,,,
1614,三洋電,36.65,0.107,0.88722304,2.42,1.94,,,
9902,台火,10.8,-0.558,0.257090694,2.38,1.33,,,
6615,慧智,29.85,-0.199,0.70797338,2.37,1.34,,,
5460,同協,10.25,0.0789,0.242227333,2.36,2.36,,,
4558,寶緯,22.05,0.0591,0.512887594,2.33,1.39,,,
1762,中化生,23.75,-0.192,0.55378934,2.33,0.52,,,
2542,興富發,36.15,-0.787,0.829659184,2.3,2.01,,,
6233,旺玖,16.9,0.1,0.388989396,2.3,3.31,,,
5452,佶優,21.05,0.0073,0.481789763,2.29,1.41,,,
2630,亞航,29.5,-0.0013,0.669826676,2.27,4.86,,,
5514,三豐,16.5,0,0.374185022,2.27,-1.96,,,
3535,晶彩科,27.45,-0.123,0.604489912,2.2,0.62,,,
6265,方土昶,7.45,-0.216,0.163577421,2.2,0,,,
4768,晶呈科技,95.6,-0.394,2.077241416,2.17,2.32,,,
1321,大洋,31.9,-0.0582,0.690925427,2.17,0.76,,,
8440,綠電,28.35,0.135,0.608472609,2.15,2.46,,,
2457,飛宏,20.35,-0.0841,0.437491686,2.15,0,,,
2009,第一銅,29.9,-0.142,0.634196862,2.12,2.5,,,
6952,大武山,44,-0.338,0.928534319,2.11,1.9,,,
2419,仲琦,18.25,-0.101,0.384197952,2.11,8.18,,,
1598,岱宇,19.85,0.055,0.412209922,2.08,0.48,,,
2511,太子,8.38,-0.0045,0.174718654,2.08,1.85,,,
1906,寶隆,10.5,-0.135,0.216933232,2.07,1.02,,,
8940,新天地,16.8,-0.0438,0.346676565,2.06,0,,,
9944,新麗,14.7,0.0935,0.297007575,2.02,3.11,,,
1784,訊聯,62.4,-0.0522,1.246531054,2,1.65,,,
6505,台塑化,30.95,0.0084,0.618311021,2,1.74,,,
1789,神隆,16.65,-0.223,0.333739861,2,2.16,,,
5220,萬達光電,15.85,0.127,0.316142811,1.99,1.85,,,
3040,遠見,36.45,-0.01,0.720114603,1.98,2.18,,,
6994,富威電力,88,0.441,1.731329997,1.97,1.22,,,
7402,邑錡,74.8,-0.0058,1.46562525,1.96,2.02,,,
1597,直得,61.2,0.125,1.185215566,1.94,1.21,,,
8227,巨有科技,103.5,0.224,1.942528689,1.88,1.03,,,
6415,矽力*-KY,320.5,0.0787,5.921555558,1.85,0.84,,,
5309,系統電,29,-0.0195,0.532772239,1.84,0.6,,,
6719,力智,142,0.157,2.565347318,1.81,1.9,,,
2426,鼎元,13.05,0.0903,0.235778621,1.81,0.42,,,
6016,康和證,11.05,-0.887,0.199300401,1.8,0.98,,,
3294,英濟,22.5,-0.279,0.400213098,1.78,1.01,,,
1303,南亞,26.85,0.146,0.476366095,1.77,1.69,,,
1410,南染,30.5,-0.0725,0.53622619,1.76,1.75,,,
1423,利華,32.6,-0.294,0.568719036,1.74,1.32,,,
5321,美而快,39.8,0.0449,0.67436016,1.69,0.64,,,
6423,億而得-創,65.2,0.163,1.104591156,1.69,1.24,,,
4772,台特化,157.5,0.0123,2.642659209,1.68,1.06,,,
2908,特力,19.1,-0.0826,0.317852404,1.66,1.81,,,
1809,中釉,13.1,-0.0765,0.215479026,1.64,-0.05,,,
1414,東和,14.95,-0.0486,0.244638458,1.64,1.63,,,
6240,松崗,17.6,-0.211,0.282192926,1.6,0,,,
1466,聚隆,12.55,0.262,0.198875417,1.58,0.2,,,
3607,谷崧,12.75,0.135,0.199166245,1.56,0.4,,,
1732,毛寶,20.1,0.0563,0.314212375,1.56,0.93,,,
8105,凌巨,9.81,-0.0054,0.152133335,1.55,0.1,,,
2901,欣欣,24.25,-0.1,0.371287671,1.53,1.39,,,
3516,亞帝歐,17.25,-0.32,0.263077852,1.53,0.84,,,
6230,尼得科超眾,113,0.163,1.718276767,1.52,0.23,,,
2929,淘帝-KY,8.83,-0.0129,0.133719415,1.51,0,,,
2008,高興昌,22,0.297,0.331336923,1.51,1,,,
3529,力旺,1835,0.136,27.72262062,1.51,1.4,,,
6762,達亞,207,0.631,3.063224049,1.48,0.99,,,
5522,遠雄,56.9,-0.807,0.835192669,1.47,1.04,,,
2033,佳大,17.85,0.326,0.258211926,1.45,0.97,,,
5263,智崴,86.9,0.218,1.262960725,1.45,-0.24,,,
2332,友訊,14.6,-0.0398,0.211172774,1.45,1.28,,,
4968,立積,120.5,-0.0131,1.705442435,1.42,0.53,,,
4534,慶騰,16.3,0.0013,0.231399668,1.42,0,,,
1810,和成,13.9,-0.0301,0.196145188,1.41,1.64,,,
3229,晟鈦,11.15,0.15,0.15594479,1.4,0,,,
2464,盟立,47.45,0.213,0.653632373,1.38,0.96,,,
3141,晶宏,48,-0.0078,0.661288549,1.38,0.56,,,
3465,進泰電子,45,0.106,0.622486544,1.38,2.27,,,
6830,汎銓,98.6,0.0686,1.341214923,1.36,1.01,,,
3268,海德威,16.55,-0.124,0.223502294,1.35,0.44,,,
6840,東研信超,40.15,0.0438,0.534527888,1.33,0.43,,,
2359,所羅門,106,0.537,1.41223328,1.33,1.93,,,
5284,jpp-KY,108,0.35,1.426407171,1.32,1.09,,,
8437,大地-KY,20.05,-0.14,0.263189687,1.31,2.02,,,
2530,華建,31.4,-0.787,0.411483,1.31,0.48,,,
5398,慕康生醫,14.35,-0.135,0.184840424,1.29,0.3,,,
5310,天剛,45.8,-0.739,0.577722145,1.26,0,,,
1506,正道,10.8,0.0097,0.136405577,1.26,0,,,
5601,台聯櫃,32.6,0.0502,0.411078148,1.26,1.16,,,
6931,青松健康,55.8,0.139,0.699850115,1.25,1.05,,,
4538,大詠城,15.25,-0.0009,0.189510107,1.24,1.41,,,
3094,聯傑,19.75,0.397,0.241993331,1.23,1.63,,,
1536,和大,47.25,-0.168,0.581856447,1.23,1.18,,,
5703,亞都,15,-0.067,0.182341718,1.22,0,,,
6425,易發,45.75,-0.268,0.545120469,1.19,0.32,,,
8033,雷虎,48.9,0.171,0.578569772,1.18,0,,,
4939,亞電,15.55,-0.0606,0.182629801,1.17,1.63,,,
6020,大展證,17.2,-0.726,0.197809667,1.15,0.65,,,
2024,志聯,16.35,0.148,0.187864677,1.15,0.56,,,
2002,中鋼,19,-0.115,0.219052562,1.15,3.08,,,
4556,旭然,22.3,-0.247,0.253917305,1.14,1.62,,,
4130,健亞,18.8,-0.0577,0.214917841,1.14,,,⚠️≧100%,
2344,華邦電,13.7,-0.0063,0.156817597,1.14,0.28,,,
4576,大銀微系統,91.4,0.295,0.982623773,1.08,0.86,,,
4746,台耀,49.5,0.0084,0.535313716,1.08,1.01,,,
5432,新門,104.5,-0.205,1.083297343,1.04,0.41,,,
1586,和勤,26.35,-0.167,0.274580711,1.04,0.43,,,
8045,達運光電,86.7,-0.591,0.876272377,1.01,1.19,,,
5704,老爺知,22.5,-0.443,0.228370386,1.01,0.66,,,
6134,萬旭,17.05,0.278,0.171259337,1,0.13,,,
6456,GIS-KY,35.7,0.0052,0.354114578,0.99,0.22,,,
1815,富喬,22.45,0.812,0.219025319,0.98,0.96,,,
6841,長佳智能,56.8,0.357,0.525088436,0.92,0.53,,,
6593,台灣銘板,40,0.0183,0.368774281,0.92,0.85,,,
3339,泰谷,24.3,-0.0669,0.217026476,0.89,0,,,
6643,M31,434.5,0.27,3.854982823,0.89,0.66,,,
2417,圓剛,31.5,0.0028,0.276719294,0.88,2.85,,,
2038,海光,13.95,0.207,0.123338854,0.88,0.46,,,
4919,新唐,59.6,-0.0122,0.517814823,0.87,0.54,,,
3105,穩懋,74.5,-0.195,0.648311748,0.87,0.42,,,
5291,邑昇,19.15,0.186,0.160040606,0.84,0.67,,,
1447,力鵬,5.88,-0.382,0.04961321,0.84,0,,,
1314,中石化,6.07,-0.191,0.04825712,0.8,0.06,,,
3232,昱捷,22.05,-0.452,0.173196824,0.79,0.99,,,
5512,力麒,7.81,-0.312,0.061443586,0.79,0.93,,,
3027,盛達,22.55,0.218,0.178911855,0.79,0.19,,,
1326,台化,22.85,-0.0501,0.180845873,0.79,1.81,,,
1324,地球,10.75,-0.0722,0.084507745,0.79,4.29,,,
8234,新漢,62.1,0.416,0.478774844,0.77,0.61,,,
8088,品安,21.55,-0.0008,0.164815058,0.76,0.92,,,
6742,澤米,40.95,0.0044,0.302301352,0.74,0.72,,,
4711,永純,13.25,0.0052,0.095410126,0.72,0.97,,,
9946,三發地產,16.6,-0.9,0.114931108,0.69,1.04,,,
4127,天良,31.15,-0.169,0.210506725,0.68,0.17,,,
1454,台富,14.75,0.0371,0.097108995,0.66,2.22,,,
6451,訊芯-KY,117.5,1.14,0.774913953,0.66,0.41,,,
6854,錼創科技-KY創,118,0.457,0.744922957,0.63,0,,,
2434,統懋,23.7,0.047,0.147337324,0.62,0,,,
6552,易華電,23,-0.11,0.140822699,0.61,0.8,,,
2926,誠品生活,44.1,0.0333,0.268849637,0.61,0.18,,,
6578,達邦蛋白,16.5,-0.383,0.099615032,0.6,0.76,,,
3086,華義,115.5,0.0173,0.676990404,0.59,0.41,,,
4502,健信,17,-0.428,0.090445635,0.53,0,,,
6199,天品,111,0.117,0.585356796,0.53,0,,,
4413,飛寶企業,13.1,0.236,0.069700498,0.53,0.46,,,
8046,南電,76.6,0.191,0.375086908,0.49,0.54,,,
3527,聚積,51.1,-0.169,0.237798029,0.47,0.23,,,
4924,欣厚-KY,16.85,0.673,0.077814247,0.46,0,,,
6185,幃翔,14.05,0.103,0.063771298,0.45,0.56,,,
1471,首利,9.16,-0.0904,0.039002961,0.43,0,,,
6101,寬魚國際,33.65,-0.499,0.136922227,0.41,0.02,,,
3313,斐成,10.75,-0.957,0.044262908,0.41,0,,,
3308,聯德,14.55,-0.947,0.058160683,0.4,0,,,
2923,鼎固-KY,18.05,-0.871,0.070309059,0.39,0.51,,,
3002,歐格,10.85,-0.0763,0.039614551,0.37,1.43,,,
5251,天鉞電,28.95,0.934,0.108194562,0.37,0,,,
6796,晉弘,61.2,0.376,0.223086613,0.36,0.98,,,
2239,英利-KY,26.9,-0.147,0.091049626,0.34,0.12,,,
3236,千如,13.15,0.0112,0.043009426,0.33,0.75,,,
8409,商之器,18.95,-0.135,0.057643625,0.3,0,,,
6264,富裔,8.26,-0.169,0.025048022,0.3,0,,,
6558,興能高,38.65,0.147,0.117728156,0.3,0.21,,,
2718,全心投控,49.45,-0.996,0.143605479,0.29,0.03,,,
5521,工信,10.05,0.452,0.029040033,0.29,0.04,,,
4903,聯光通,21.35,0.354,0.04821359,0.23,0,,,
2486,一詮,66.6,0.15,0.1458,0.22,0.35,,,
3664,安瑞-KY,17.5,-0.332,0.037148452,0.21,0,,,
2405,輔信,14.1,-0.0237,0.028003869,0.2,0.44,,,
6661,威健生技,16.8,0.069,0.032585777,0.19,0.08,,,
6167,久正,9.68,-0.0872,0.018666893,0.19,0.43,,,
4542,科嶠,55.2,0.103,0.100290201,0.18,1.03,,,
1808,潤隆,29.3,-0.977,0.052347919,0.18,0.24,,,
2399,映泰,15.65,-0.259,0.027739177,0.18,0.04,,,
8087,麗升能源,36.5,-0.895,0.059836333,0.16,0.06,,,
3499,環天科,12.5,-0.175,0.019775455,0.16,0,,,
4416,三圓,57.9,-0.0727,0.073852499,0.13,-1.44,,,
8937,合騏,127.5,-0.158,0.168563636,0.13,0.01,,,
1455,集盛,7.65,-0.171,0.008825101,0.12,-0.09,,,
6166,凌華,64.1,0.303,0.078712161,0.12,0.17,,,
1453,大將,12.2,0.0782,0.013833139,0.11,0.3,,,
5488,松普,7.29,0.115,0.007180655,0.1,0,,,
5498,凱崴,7.29,0.146,0.00621595,0.09,0.13,,,
2505,國揚,16.7,-0.978,0.012287189,0.07,0.01,,,
3062,建漢,18.15,0.366,0.011875972,0.07,0.04,,,
4528,江興鍛,15.95,-0.116,0.008971639,0.06,0.25,,,
3064,泰偉,52.2,-0.5,0.022692308,0.04,0,,,
4916,事欣科,29.85,-0.118,0.01280061,0.04,0.18,,,
4972,湯石照明,16.65,-0.0461,0.004012702,0.02,,,⚠️≧100%,
6533,晶心科,241,0.378,0.052538217,0.02,0.01,,,
3629,地心引力,17.25,-0.379,0,0,0,,,
6919,康霈*,570,-1,0,0,0,,,
5523,豐謙,29,-0.998,0.001213548,0,0,,,
6875,國邑*,38.65,-1,0,0,0,,,
6405,悅城,19.4,-0.995,-0.002650076,-0.01,-0.01,,,
6838,台新藥,21.55,-0.995,-0.009966887,-0.05,0,,,
6282,康舒,22.15,0.0604,-0.01963544,-0.09,0.07,,,
4139,馬光-KY,27.2,0.009,-0.024134887,-0.09,-0.02,,,
1903,士紙,43,0.0305,-0.083042913,-0.19,0,,,
6112,邁達特,35.7,-0.0051,-0.068032216,-0.19,-0.17,,,
3228,金麗科,123.5,-0.314,-0.235190782,-0.19,-0.02,,,
3541,西柏,23.3,0.198,-0.048958648,-0.21,-0.11,,,
4402,郡都開發,18.75,-0.48,-0.045594118,-0.24,0,,,
2466,冠西電,73.7,0.114,-0.188817824,-0.26,-0.47,,,
3521,鴻翊,10.5,-0.959,-0.027348846,-0.26,0,,,
3466,德晉,35.4,-0.955,-0.091422657,-0.26,0,,,
1595,川寶,29.45,-0.11,-0.085936192,-0.29,0.21,,,
3555,博士旺,22.5,-0.662,-0.071826667,-0.32,-0.01,,,
2547,日勝生,11.25,0.0254,-0.037144335,-0.33,0.42,,,
6225,天瀚,13.15,-0.323,-0.045164892,-0.34,0,,,
8489,三貝德,27.05,-0.0998,-0.095585939,-0.35,-0.05,,,
2642,宅配通,24.7,-0.045,-0.093195759,-0.38,0.13,,,
3081,聯亞,211.5,0.403,-0.827918009,-0.39,-0.13,,,
5487,通泰,26.65,-0.0146,-0.108028802,-0.41,-0.11,,,
5546,永固-KY,27.5,-0.362,-0.112718835,-0.41,-1.29,,,
1435,中福,32,-0.436,-0.136814306,-0.43,0,,,
3363,上詮,158.5,0.532,-0.711557768,-0.45,-0.57,,,
8110,華東,10.15,-0.0623,-0.049801242,-0.49,1.83,,,
6649,台生材,30.4,2.62,-0.149320095,-0.49,-0.02,,,
2722,夏都,22.15,-0.0903,-0.108670868,-0.49,-0.82,,,
3686,達能,11,-0.036,-0.054906478,-0.5,0,,,
6198,瑞築,30.1,-0.383,-0.156445858,-0.52,0,,,
8421,旭源,10,0.0024,-0.05358219,-0.54,-0.01,,,
5272,笙科,16.65,0.0439,-0.096347468,-0.58,-0.2,,,
3297,杭特,25.7,0.166,-0.153240089,-0.6,0,,,
1301,台塑,31.65,-0.0111,-0.192659147,-0.61,-0.06,,,
6113,亞矽,17.7,-0.0899,-0.121145435,-0.68,-0.71,,,
6168,宏齊,13.65,0.0167,-0.09909688,-0.73,-0.53,,,
4157,太景*-KY,8.08,0.0885,-0.058660485,-0.73,0,,,
6179,亞通,19.35,0.152,-0.147831609,-0.76,-0.52,,,
3207,耀勝,71,0.213,-0.554976205,-0.78,-0.13,,,
6237,驊訊,31.65,0.0564,-0.287834263,-0.91,0.12,,,
8906,花王,22.95,-0.0102,-0.209991455,-0.91,-0.33,,,
8921,沈氏,25.75,0.0427,-0.240760019,-0.93,0.16,,,
5468,凱鈺,15.15,0.0674,-0.143425232,-0.95,0,,,
8291,尚茂,5.27,-0.916,-0.054061206,-1.03,0,,,
5481,新華,21.85,0.0085,-0.233959853,-1.07,-0.08,,,
8027,鈦昇,54.8,0.094,-0.591966363,-1.08,-0.71,,,
6698,旭暉應材,23.8,-0.149,-0.258189343,-1.08,-1.55,,,
4147,中裕,66.8,-0.0151,-0.727802339,-1.09,0,,,
8171,天宇,32.85,-0.713,-0.374777703,-1.14,-0.07,,,
3054,立萬利,19.2,-0.435,-0.223898637,-1.17,0,,,
6695,芯鼎,36.05,0.0544,-0.425846158,-1.18,0,,,
1529,樂事綠能,18.2,0.824,-0.218661122,-1.2,-0.65,,,
2034,允強,18.8,0.172,-0.231900577,-1.23,0.97,,,
3252,海灣,17.65,-0.0263,-0.219427399,-1.24,-0.22,,,
1236,宏亞,20.25,-0.1,-0.250669896,-1.24,,,,
1591,駿吉-KY,33.8,-0.638,-0.425205684,-1.26,-0.29,,,
4956,光鋐,18.6,0.159,-0.24423259,-1.31,-0.07,,,
2331,精英,13.2,0.0562,-0.172477768,-1.31,-2.31,,,
8429,金麗-KY,7.4,4.68,-0.101913904,-1.38,0,,,⚠️ 累月年增率≧4倍
1235,興泰,101,0.364,-1.407098154,-1.39,-3.34,,,
6617,共信-KY,73.4,0.387,-1.023048078,-1.39,0,,,
6547,高端疫苗,36.9,1.16,-0.529119075,-1.43,-0.21,,,
6222,立軒,22.3,0.106,-0.319583221,-1.43,0,,,
6902,GOGOLOOK-創,94,0.0848,-1.343123,-1.43,0,,,
3055,蔚華科,48.6,-0.695,-0.733186957,-1.51,0.62,,,
1413,宏洲,10.35,-0.0638,-0.162112837,-1.57,0,,,
1905,華紙,11.7,-0.0707,-0.18754345,-1.6,-0.52,,,
4562,穎漢,35.05,0.0811,-0.562223669,-1.6,0,,,
2064,晉椿,12.35,0.0909,-0.201460178,-1.63,-0.36,,,
9929,秋雨,14.4,-0.013,-0.238164734,-1.65,-0.02,,,
3067,全域,23.25,-0.626,-0.383691,-1.65,0,,,
4764,雙鍵,33.3,0.355,-0.547808561,-1.65,-0.89,,,
6708,天擎,36.95,0.975,-0.612575,-1.66,-1.12,,,
1710,東聯,11.95,0.0775,-0.199723527,-1.67,-2.12,,,
1796,金穎生技,41.95,0.406,-0.762628858,-1.82,-0.92,,,
5348,正能量智能,20.7,-0.103,-0.379372236,-1.83,0,,,
6236,中湛,26.7,0.261,-0.518532374,-1.94,0,,,
3354,律勝,14.35,-0.154,-0.284042454,-1.98,0.88,,,
1587,吉茂,22.65,0.127,-0.474931468,-2.1,-1.05,,,
2444,兆勁,10.6,-0.0556,-0.224865475,-2.12,0,,,
4513,福裕,21.1,-0.0663,-0.45243997,-2.14,-0.24,,,
6928,攸泰科技,42.55,0.183,-0.922284033,-2.17,0.12,,,
5529,鉅陞,25.9,-0.302,-0.561781532,-2.17,0,,,
3685,元創精密,10.4,-0.0984,-0.228003669,-2.19,-0.88,,,
3632,研勤,10.1,-0.252,-0.227390465,-2.25,0,,,
2913,農林,13.85,0.42,-0.314925671,-2.27,0,,,
2014,中鴻,15.3,-0.435,-0.351699979,-2.3,-0.85,,,
2061,風青,14.8,0.357,-0.346072286,-2.34,-0.2,,,
8411,福貞-KY,11,0.0845,-0.257726612,-2.34,-0.33,,,
8488,吉源-KY,10.95,-0.337,-0.257580531,-2.35,-0.38,,,
3710,連展投控,7.42,0.122,-0.174645739,-2.35,0,,,
4976,佳凌,23,0.0141,-0.565103397,-2.46,0,,,
6589,台康生技,52.7,-0.427,-1.305613999,-2.48,0,,,
6144,得利影,20.9,-0.0914,-0.519071217,-2.48,0,,,
2413,環科,16.8,-0.0409,-0.420578209,-2.5,-0.24,,,
3713,新晶投控,18.15,-0.175,-0.455508323,-2.51,0,,,
3288,點晶,18.25,0.298,-0.466614667,-2.56,0,,,
8047,星雲,11.75,-0.128,-0.302006427,-2.57,-0.58,,,
1338,廣華-KY,23.5,0.118,-0.609224821,-2.59,-1,,,
2254,巨鎧精密-創,68.7,0.692,-1.793882629,-2.61,-0.88,,,
6560,欣普羅,21.95,1.24,-0.57550888,-2.62,-1.19,,,
1417,嘉裕,7.16,-0.768,-0.187674018,-2.62,-0.29,,,
3530,晶相光,50.6,-0.0007,-1.325219289,-2.62,-0.59,,,
8092,建暐,13.05,-0.275,-0.345124563,-2.64,0,,,
3276,宇環,10.45,-0.615,-0.277516729,-2.66,-0.54,,,
8080,泰霖,30,1.87,-0.815225316,-2.72,0,,,
1325,恆大,20.55,-0.272,-0.569823681,-2.77,-3.39,,,
4555,氣立,29.8,0.166,-0.843955771,-2.83,-0.16,,,
8040,九暘,48.6,0.174,-1.389057075,-2.86,-0.69,,,
5210,寶碩,20,-0.147,-0.578390876,-2.89,0,,,
6550,北極星藥業-KY,26.35,-0.767,-0.760577097,-2.89,0,,,
1440,南紡,10.55,-0.0078,-0.308850344,-2.93,-0.56,,,
3707,漢磊,31.3,-0.144,-0.924089223,-2.95,-0.52,,,
5484,慧友,31.35,0.0706,-0.958821617,-3.06,0,,,
1516,川飛,13.9,-0.93,-0.4290975,-3.09,-2.24,,,
9928,中視,14.7,-0.0806,-0.457872282,-3.11,0,,,
6130,上亞科技,25.55,0.0726,-0.803838284,-3.15,0.17,,,
1909,榮成,8.37,-0.0527,-0.269747106,-3.22,-0.7,,,
6929,佑全,31.1,-0.0251,-1.020360832,-3.28,-0.6,,,
3489,森寶,19.45,-0.271,-0.643986882,-3.31,-3.72,,,
4503,金雨,36.65,0.209,-1.217592797,-3.32,0,,,
9914,美利達,113.5,0.482,-3.800881304,-3.35,-0.67,,,
5531,鄉林,9.22,-0.211,-0.30852008,-3.35,0,,,
6152,百一,7.7,0.0776,-0.261064274,-3.39,0,,,
6202,盛群,33,0.716,-1.12252203,-3.4,-2.47,,,
4991,環宇-KY,81.9,0.364,-2.8413,-3.47,0,,,
6477,安集,23.95,-0.218,-0.838292084,-3.5,-1.12,,,
3323,加百裕,25.1,-0.0712,-0.887192282,-3.53,-1.26,,,
3191,雲嘉南,13.15,-0.156,-0.468920642,-3.57,0,,,
5223,安力-KY,20.2,0.382,-0.747722315,-3.7,-1.1,,,
6160,欣技,15.95,0.0468,-0.59532462,-3.73,-1.46,,,
5302,太欣,6.57,-0.152,-0.247485178,-3.77,0,,,
1432,大魯閣,14.3,0.0308,-0.541883034,-3.79,0,,,
6512,啟發電,18.85,-0.195,-0.752232609,-3.99,-0.1,,,
3373,熱映,15.85,-0.02,-0.646581062,-4.08,0.39,,,
2408,南亞科,30.2,-0.244,-1.239868474,-4.11,-1.21,,,
2323,中環,6.7,-0.0343,-0.276847234,-4.13,-5.81,,,
2440,太空梭,11.8,0.147,-0.488969797,-4.14,0,,,
2369,菱生,11.35,-0.107,-0.472282989,-4.16,0.25,,,
6485,點序,45.75,0.537,-1.91564619,-4.19,-1.35,,,
6535,順藥,130,0.993,-5.467078508,-4.21,0,,,
4430,耀億,15.7,0.157,-0.665681501,-4.24,-0.41,,,
1799,易威,51.2,2.02,-2.199215764,-4.3,0,,,
4949,有成精密,31.15,-0.0009,-1.352345583,-4.34,-1.03,,,
6269,台郡,44.05,-0.238,-1.922915031,-4.37,-2.13,,,
6209,今國光,22.1,0.302,-0.970493019,-4.39,0.34,,,
2409,友達,10.6,0.212,-0.465173552,-4.39,0.42,,,
2424,隴華,57.6,-0.224,-2.551266667,-4.43,0,,,
3631,晟楠,26.65,0.633,-1.186805758,-4.45,2.78,,,
5301,寶得利,6.55,-0.392,-0.29489972,-4.5,0,,,
6654,天正國際,57.7,0.123,-2.600606006,-4.51,-2.62,,,
2321,東訊,12.75,0.0391,-0.577407062,-4.53,0,,,
6657,華安,52.3,-0.138,-2.370100339,-4.53,0,,,
4743,合一,51.4,-0.0229,-2.344857045,-4.56,-1.29,,,
8935,邦泰,13.45,-0.042,-0.620405744,-4.61,-0.76,,,
6127,九豪,15.65,0.128,-0.728545399,-4.66,-0.65,,,
4108,懷特,11,-0.0628,-0.514056638,-4.67,0,,,
8071,能率網通,14.75,0.0821,-0.701590067,-4.76,-2.42,,,
4737,華廣,47.45,0.104,-2.278211987,-4.8,-23.27,,,
1802,台玻,12.2,-0.0287,-0.5862656,-4.81,-1.01,,,
4960,誠美材,10.7,0.117,-0.521437852,-4.87,-0.85,,,
3523,迎輝,17.55,-0.613,-0.861794463,-4.91,0,,,
6767,台微醫,27.5,0.106,-1.38573,-5.04,0,,,
9949,琉園,17.6,-0.242,-0.891534,-5.07,0,,,
6228,全譜,34.55,1.08,-1.767575385,-5.12,0,,,
8054,安國,60.9,-0.0388,-3.162614597,-5.19,-0.14,,,
2431,聯昌,10.95,-0.098,-0.570268133,-5.21,-2.23,,,
3325,旭品,13.1,-0.255,-0.685388016,-5.23,-1.27,,,
8085,福華,18.25,0.13,-0.971446857,-5.32,-1.22,,,
4121,優盛,11.65,-0.0242,-0.62832959,-5.39,4.56,,,
3205,佰研,22.35,-0.206,-1.212281231,-5.42,0,,,
6443,元晶,13.05,-0.365,-0.706823278,-5.42,-0.67,,,
4971,IET-KY,89.1,0.432,-4.835425882,-5.43,-1.75,,,
6733,博晟生醫,23.2,0.342,-1.297043363,-5.59,0,,,
5905,南仁湖,10.15,0.0407,-0.567421831,-5.59,-0.86,,,
1528,恩德,11.2,-0.221,-0.638859617,-5.7,1.51,,,
4123,晟德,30.6,0.148,-1.750013881,-5.72,-12.9,,,
4188,安克,12.3,-0.16,-0.704909953,-5.73,0,,,
6804,明係,19.8,-0.472,-1.139416457,-5.75,-1.67,,,
4419,皇家美食,45,3.46,-2.591210402,-5.76,0,,,⚠️ 累月年增率≧3倍
6125,廣運,50.5,0.182,-2.944651637,-5.83,5.96,,,
6124,業強,20.8,0.0499,-1.214660641,-5.84,0,,,
1569,濱川,54.5,0.319,-3.209742465,-5.89,-0.72,,,
8044,網家,31.5,-0.102,-1.872191615,-5.94,-1.44,,,
4198,欣大健康,24.55,-0.434,-1.458657925,-5.94,0,,,
3149,正達,24.65,0.14,-1.475155855,-5.98,0,,,
6668,中揚光,37.35,0.154,-2.254628252,-6.04,-0.66,,,
3623,富晶通,14.6,-0.0228,-0.911886247,-6.25,0,,,
1309,台達化,9.96,0.116,-0.626497787,-6.29,-0.93,,,
1526,日馳,17.55,0.232,-1.1229152,-6.4,-3.12,,,
3625,西勝,11.5,-0.442,-0.737945096,-6.42,0,,,
6129,普誠,10.15,-0.302,-0.656540763,-6.47,-1.88,,,
2340,台亞,17.8,-0.0504,-1.163908801,-6.54,-6.98,,,
5211,蒙恬,19.2,0.016,-1.265384,-6.59,-1.68,,,
3504,揚明光,39.65,0.214,-2.633576277,-6.64,0,,,
5205,中茂,31,0.696,-2.068032593,-6.67,0,,,
8455,大拓-KY,19.25,-0.24,-1.289314286,-6.7,-0.37,,,
5351,鈺創,20.85,-0.259,-1.397431852,-6.7,-0.87,,,
4120,友華,41.6,0.0469,-2.787030717,-6.7,-2.09,,,
1460,宏遠,6.32,0.0626,-0.42583515,-6.74,0,,,
1517,利奇,9.86,0.667,-0.679254132,-6.89,-0.65,,,
8443,阿瘦,10.25,0.0045,-0.725614588,-7.08,0.46,,,
2429,銘旺科,43.65,0.973,-3.096895251,-7.09,0,,,
2023,燁輝,14,-0.0508,-0.996647739,-7.12,0.27,,,
2035,唐榮,29.85,-0.0334,-2.132310778,-7.14,0,,,
1813,寶利徠,13.45,0.0516,-0.965016824,-7.17,-6.94,,,
2712,遠雄來,17.8,-0.0897,-1.2938348,-7.27,-2.95,,,
9955,佳龍,21.5,0.0028,-1.57791959,-7.34,0,,,
6465,威潤,16.6,-0.0632,-1.219780069,-7.35,0,,,
4934,太極,8.39,-0.776,-0.6266656,-7.47,0,,,
5608,四維航,13.65,-0.0021,-1.037927208,-7.6,-0.8,,,
4192,杏國,24.7,0.23,-1.877900568,-7.6,0,,,
8450,霹靂,16.7,-0.202,-1.271935556,-7.62,0,,,
8067,志旭,12.8,0.376,-0.994284831,-7.77,0,,,
6226,光鼎,5.8,-0.0353,-0.452466458,-7.8,-18.72,,,
3122,笙泉,19.8,0.0857,-1.545223574,-7.8,-1.82,,,
2491,吉祥全,9.45,-0.0845,-0.739018902,-7.82,-0.67,,,
2025,千興,11.8,-0.346,-0.931371859,-7.89,0,,,
3085,新零售,17.2,0.418,-1.366186667,-7.94,0,,,
3360,尚立,10.2,0.209,-0.813168455,-7.97,-6.93,,,
3224,三顧,34.8,0.171,-2.833527273,-8.14,0,,,
3437,榮創,13.35,-0.107,-1.092971185,-8.19,-1.51,,,
3714,富采,29.5,0.0087,-2.418343563,-8.2,-0.85,,,
2258,鴻華先進-創,31.75,1.13,-2.616215818,-8.24,0,,,
8477,創業家,11.7,-0.514,-0.964918536,-8.25,-6.52,,,
2924,宏太-KY,26.8,0.719,-2.237104615,-8.35,0,,,
3176,基亞,23.65,0.259,-2.005518134,-8.48,0,,,
5364,力麗店,19.05,-0.0957,-1.62503032,-8.53,0,,,
3432,台端,11.4,0.864,-0.97891109,-8.59,-1.87,,,
8277,商丞,8.27,-0.214,-0.712456376,-8.61,0,,,
6573,虹揚-KY,9.99,-0.165,-0.871357025,-8.72,0,,,
3540,曜越,24.4,0.18,-2.136928755,-8.76,-4.37,,,
8024,佑華,11.7,-0.106,-1.028858407,-8.79,-3.06,,,
1533,車王電,25.6,0.0842,-2.252700552,-8.8,-0.6,,,
6426,統新,50.4,0.242,-4.446,-8.82,-13.93,,,
6794,向榮生技-創,63.5,2.69,-5.638105611,-8.88,0,,,
2102,泰豐,15.2,0.384,-1.352972237,-8.9,-0.15,,,
6441,廣錠,23.1,-0.217,-2.080127617,-9,1.45,,,
6241,易通展,10.6,0.52,-0.956993347,-9.03,0,,,
4577,達航科技,15.85,0.351,-1.453933564,-9.17,-3.62,,,
3322,建舜電,10.9,0.304,-1.010591467,-9.27,-2.09,,,
1721,三晃,9.9,-0.0654,-0.923828502,-9.33,-0.95,,,
2338,光罩,28.8,-0.12,-2.699294852,-9.37,-4.53,,,
4923,力士,23.6,-0.0213,-2.220830158,-9.41,-25.29,,,
3041,揚智,20.7,-0.182,-1.958253049,-9.46,0,,,
6150,撼訊,50.1,0.159,-4.756703619,-9.49,-2.1,,,
1316,上曜,13.65,2.41,-1.325829213,-9.71,-1.52,,,
2241,艾姆勒,21.15,-0.05,-2.077801147,-9.82,-14.74,,,
1310,台苯,7.42,0.0061,-0.730357421,-9.84,-2.71,,,
8201,無敵,9.86,0.113,-0.97392375,-9.88,0,,,
2485,兆赫,9.9,-0.574,-0.980133963,-9.9,0,,,
6496,科懋,23,0.104,-2.299729412,-10,-2.63,,,
3691,碩禾,51.1,-0.425,-5.167429271,-10.11,-1.1,,,
2601,益航,5.53,-0.105,-0.563444253,-10.19,0,,,
6218,豪勉,15.85,-0.0219,-1.633180382,-10.3,-7.89,,,
1626,艾美特-KY,11.15,0.101,-1.170061645,-10.49,-6.22,,,
2460,建通,14.65,0.136,-1.546612757,-10.56,-0.43,,,
4989,榮科,13.5,-0.356,-1.425432975,-10.56,-7.96,,,
9912,偉聯,10.55,-0.0563,-1.114817521,-10.57,0,,,
2438,翔耀,22.6,0.324,-2.394096626,-10.59,0,,,
3234,光環,29.45,0.391,-3.179939946,-10.8,0,,,
2337,旺宏,17.05,0.0654,-1.843775509,-10.81,-1.12,,,
3349,寶德,14.7,0.524,-1.604996928,-10.92,-3.41,,,
2465,麗臺,41.75,-0.127,-4.562986412,-10.93,-0.54,,,
4609,唐鋒,7.49,0.736,-0.820421211,-10.95,0,,,
1445,大宇,11.5,-0.171,-1.259922441,-10.96,-1.73,,,
3372,典範,10.1,0.0505,-1.110594224,-11,-3.16,,,
4540,全球傳動,33.2,-0.282,-3.662482605,-11.03,-4.06,,,
4426,利勤,10.6,-0.137,-1.17846839,-11.12,0,,,
3092,鴻碩,19,0.0162,-2.115499437,-11.13,-4.45,,,
3576,聯合再生,6.76,-0.427,-0.754808843,-11.17,-0.37,,,
3419,譁裕,13.7,0.258,-1.529953394,-11.17,-3.43,,,
6142,友勁,7.41,0.675,-0.830638452,-11.21,-1.7,,,
4943,康控-KY,10.5,-0.0352,-1.187353479,-11.31,0.24,,,
6492,生華科,28.9,0,-3.274693423,-11.33,0,,,
6276,安鈦克,28.45,0.491,-3.238542282,-11.38,-8.89,,,
1308,亞聚,10.85,-0.0171,-1.237193552,-11.4,-8.79,,,
2208,台船,15.35,-0.196,-1.767213438,-11.51,0,,,
6684,安格,36.05,-0.124,-4.187204305,-11.61,-16.88,,,
1305,華夏,9.41,-0.152,-1.098334331,-11.67,-3.2,,,
3511,矽瑪,20.95,0.31,-2.4587548,-11.74,-4.64,,,
5355,佳總,7.29,-0.0673,-0.859896697,-11.8,0,,,
4523,永彰,26.95,0.223,-3.207429493,-11.9,0,,,
4128,中天,20,0.107,-2.401794206,-12.01,-28.53,,,
6674,鋐寶科技,15.35,-0.247,-1.856501872,-12.09,-7.11,,,
5701,劍湖山,5,0.17,-0.604879021,-12.1,0,,,
1512,瑞利,5.66,0.0145,-0.686633638,-12.13,0,,,
3543,州巧,14.7,0.15,-1.784409406,-12.14,1.9,,,
4171,瑞基,17.1,-0.0232,-2.094237343,-12.25,-5.15,,,
3048,益登,19.75,0.156,-2.428124537,-12.29,-128.61,,,
4726,永昕,27.4,0.518,-3.427775729,-12.51,0,,,
2616,山隆,14.55,-0.436,-1.827875659,-12.56,-8,,,
1538,正峰,22.5,0.656,-2.839375851,-12.62,0,,,
4406,新昕纖,8.19,0.433,-1.046474701,-12.78,0,,,
6576,逸達,57.9,0.0636,-7.417233333,-12.81,0,,,
9919,康那香,13.45,-0.0432,-1.781257932,-13.24,-3.01,,,
6169,昱泉,17.6,1,-2.39017094,-13.58,0,,,
8472,夠麻吉,21.55,-0.338,-2.927111864,-13.58,-9.28,,,
5011,久陽,13.8,0.496,-1.877006951,-13.6,-3.57,,,
3494,誠研,13.85,0.155,-1.89582827,-13.69,0,,,
8093,保銳,13.6,-0.328,-1.89554023,-13.94,0,,,
3518,柏騰,14.85,-0.0891,-2.076981245,-13.99,-9.89,,,
5245,智晶,22.95,0.0696,-3.225974738,-14.06,-5.95,,,
3508,位速,17.8,0.54,-2.529590796,-14.21,0,,,
6770,力積電,11.95,0.0399,-1.70759304,-14.29,-3.91,,,
6246,臺龍,11.6,0.274,-1.678822575,-14.47,-1.87,,,
8933,愛地雅,5.88,0.208,-0.861375875,-14.65,0,,,
3630,新鉅科,16.6,0.0894,-2.472607816,-14.9,0,,,
5345,天揚,24.05,0.772,-3.595775661,-14.95,0,,,
6217,中探針,21.3,0.339,-3.187560644,-14.97,-3.73,,,
8038,長園科,18,0.693,-2.721267186,-15.12,0,,,
6461,益得,16.6,-0.0318,-2.550522292,-15.36,0,,,
2498,宏達電,31.75,0.19,-4.888040971,-15.4,0,,,
6949,沛爾生醫-創,105.5,1.35,-16.4842721,-15.62,0,,,
3498,陽程,32,1.1,-5.023084261,-15.7,-3.74,,,
4564,元翎,16.3,0.708,-2.576827491,-15.81,-6.88,,,
5864,致和證,11.05,-2.07,-1.74915827,-15.83,-5.18,,,
6616,特昇-KY,9.31,-0.036,-1.486909025,-15.97,-4.22,,,
3259,鑫創,19,0.231,-3.058031589,-16.09,0,,,
6706,惠特,61.5,1.51,-10.13229389,-16.48,-5.84,,,
4190,佐登-KY,30.6,0.0864,-5.113575226,-16.71,,,,
3272,東碩,20.25,0.0806,-3.397594716,-16.78,-9.96,,,
6645,金萬林-創,16.85,0.0864,-2.855750857,-16.95,-6.36,,,
6462,神盾,81.9,0.024,-13.9329908,-17.01,6.13,,,
2406,國碩,9.45,-0.392,-1.617233058,-17.11,0,,,
2939,永邑-KY,27.9,0.628,-4.836245275,-17.33,-34.67,,,
6109,亞元,7.75,-0.173,-1.353792404,-17.47,-5.38,,,
3011,今皓,11.05,-0.122,-1.97970898,-17.92,0,,,
4807,日成-KY,15,0.807,-2.697272411,-17.98,-4.48,,,
2390,云辰,8.31,0.218,-1.526763448,-18.37,-0.55,,,
5228,鈺鎧,14.4,0.278,-2.700113123,-18.75,-2.64,,,
4529,淳紳,4.89,-0.219,-0.939786391,-19.22,0,,,
4526,東台,19.85,0.099,-3.938250907,-19.84,-7.34,,,
1313,聯成,7.27,-0.172,-1.443428258,-19.85,0.12,,,
3666,光耀,24.1,0.0178,-4.812414645,-19.97,-2.95,,,
3550,聯穎,11,0.103,-2.243932131,-20.4,3.13,,,
2740,天蔥,24.8,0.106,-5.128204531,-20.68,0,,,
4168,醣聯,15.75,0.469,-3.283451381,-20.85,0,,,
1589,永冠-KY,25.95,0.138,-5.411151737,-20.85,-2.58,,,
5227,立凱-KY,28.2,0.703,-5.889996147,-20.89,0,,,
4530,宏易,9.06,1.14,-1.914291643,-21.13,0,,,
6598,ABC-KY,17.45,0.472,-3.727489494,-21.36,0,,,
3049,精金,5.83,0.136,-1.26578019,-21.71,-5.16,,,
2022,聚亨,6.95,0.0581,-1.524710035,-21.94,-3.66,,,
4154,樂威科-KY,16.2,-0.217,-3.560406818,-21.98,0,,,
3058,立德,9.27,0.0599,-2.048445652,-22.1,0.87,,,
4131,浩泰,28.8,3.41,-6.382851646,-22.16,0,,,⚠️ 累月年增率≧3倍
3609,三一東林,37.95,0.96,-8.45210625,-22.27,35.17,,⚠️≧30%,
5543,桓鼎-KY,19,0.0655,-4.298927516,-22.63,-6.79,,,
6588,東典光電,26.4,0.454,-6.100788473,-23.11,-10.33,,,
3057,喬鼎,7.94,0.127,-1.856114714,-23.38,0,,,
1337,再生-KY,4.6,-0.293,-1.08790703,-23.65,0,,,
1312,國喬,8.37,0.304,-2.008508126,-24,3.37,,,
4304,勝昱,6.65,0.172,-1.606147333,-24.15,0,,,
3522,御嵿,13,0.345,-3.163846071,-24.34,0,,,
6431,光麗-KY,15.45,1.16,-3.826222177,-24.77,0,,,
2736,富野,13.95,0.809,-3.458324767,-24.79,-9.64,,,
3672,康聯訊,16.35,1.04,-4.059037736,-24.83,-3.04,,,
4806,桂田文創,8.52,9.55,-2.119423212,-24.88,0,,,⚠️ 累月年增率≧9倍
8059,凱碩,20.1,2,-5.501959669,-27.37,0,,,
5475,德宏,9.45,0.971,-2.698695358,-28.56,0,,,
2314,台揚,9.32,-0.406,-2.700112333,-28.97,0,,,
3115,富榮綱,12.4,3.79,-3.75026087,-30.24,0,,,⚠️ 累月年增率≧3倍
2007,燁興,7.53,0.126,-2.298785302,-30.53,0,,,
6210,慶生,15.05,0.251,-4.641981457,-30.84,-27.41,,,
4142,國光生,16.5,5.6,-5.176154598,-31.37,-1.04,,,⚠️ 累月年增率≧5倍
6153,嘉聯益,10.1,-0.213,-3.202986995,-31.71,-4.6,,,
2104,國際中橡,9.45,0.0254,-3.01643985,-31.92,-2.13,,,
5516,雙喜,15.45,0.369,-4.954266,-32.07,-9.99,,,
4174,浩鼎,46.1,0.583,-15.03191163,-32.61,0,,,
3593,力銘,7.27,0.118,-2.438354925,-33.54,0,,,
5907,大洋-KY,6.71,-0.122,-2.291887386,-34.16,13.14,,,
6823,濾能,37.6,1.05,-12.86859747,-34.22,-11.97,,,
6116,彩晶,5.83,0.143,-2.067172122,-35.46,-5.41,,,
4927,泰鼎-KY,24.1,0.114,-9.125016098,-37.86,-11.07,,,
6287,元隆,8.82,0.246,-3.386821202,-38.4,0,,,
8444,綠河-KY,17.45,-0.127,-7.09293857,-40.65,-0.53,,,
2067,嘉鋼,8.26,0.0345,-3.405804213,-41.23,0,,,
3018,隆銘綠能,18.75,4.74,-7.981064295,-42.57,0,,,⚠️ 累月年增率≧4倍
3321,同泰,5.37,0.0895,-2.341176307,-43.6,0,,,
4804,大略-KY,2.93,-0.0032,-1.358618351,-46.37,0,,,
1304,台聚,8.9,0.0102,-4.170931993,-46.86,5.25,,,
6541,泰福-KY,48.1,2.85,-22.92221662,-47.66,0,,,
2380,虹光,2.89,-0.257,-1.46420118,-50.66,0,,,
6499,益安,36.45,1.22,-20.98005423,-57.56,5.07,,,
6141,柏承,9.14,-0.335,-5.880961111,-64.34,-6.94,,,
1340,勝悅-KY,6.23,-0.199,-4.236723349,-68.01,0,,,
2911,麗嬰房,4.53,-0.113,-3.557225024,-78.53,0,,,
8101,華冠,13.9,1.75,-12.70175841,-91.38,0,,,
4946,辣椒,98.3,11.49,-132.3881538,-134.68,0,,,⚠️ 累月年增率≧11倍
4950,金耘國際,14,1428.66,-21.02628556,-150.19,0,,,⚠️ 累月年增率≧1428倍
1438,三地開發,32.95,,,,,,,
3716,中化控股,29.15,,,,,,,
6785,昱展新藥,112,,,,,,,
6862,三集瑞-KY,110,0.171,,,,,,
6872,浩宇生醫,23.1,,,,,,,
6885,全福生技,20.05,,,,,,,
6887,寶綠特-KY,80,0.398,,,,,,
6890,來億-KY,278.5,0.146,,,,,,
6901,鑽石投資,19.9,1.17,,,,,,
6924,榮惠-KY創,69,0.13,,,,,,
6957,裕慶-KY,141.5,0.0673,,,,,,
6962,ITH-KY,39.5,-0.0947,,,,,,
6965,中傑-KY,106.5,0.17,,,,,,
6969,成信實業*-創,26.15,1.21,,,,,,
6988,威力暘-創,18.1,-0.0832,,,,,,
